ID,PlayerName,RoundsPlayed,Rating,AverageCombatScore,KillsToDeaths,KillAssistsPercentage,AverageDamagePerRound,KillPerRound,AssistsPerRound,FirstKillsPerRound,FirstDeathPerRound,HeadShotPercentage,ClutchSuccessRate,MaxKillsInAMap,Kills,Deaths,Assists,FirstKills,FirstDeaths
1,aspasLEV,230,1.43,281.9,1.88,78%,191.6,1.06,0.17,0.16,0.10,30%,8%,47,243,129,39,37,23
2,florescentSR,509,1.42,307.5,1.64,78%,192.8,1.10,0.22,0.16,0.10,25%,20%,33,558,341,112,80,49
3,soulcasAPK,256,1.38,269.4,1.64,80%,176.9,0.96,0.43,0.10,0.07,37%,15%,29,246,150,109,25,19
4,VaniaG2.G,419,1.36,256.5,1.53,79%,165.3,0.93,0.35,0.11,0.06,33%,29%,31,391,255,148,48,25
5,dodsKRÜ.B,251,1.31,274.8,1.43,81%,174.0,0.96,0.29,0.22,0.11,29%,27%,28,241,168,72,54,27
6,madaMxS,203,1.29,292.0,1.39,77%,190.6,1.00,0.20,0.25,0.15,25%,8%,31,204,147,41,50,31
7,kamykJL,216,1.29,239.8,1.41,78%,161.0,0.87,0.42,0.09,0.07,34%,19%,29,187,133,90,19,16
8,welyyRyZe,282,1.28,243.9,1.40,76%,161.1,0.87,0.35,0.09,0.07,25%,22%,33,244,174,100,24,19
9,madvFLCV,625,1.28,242.4,1.35,77%,153.5,0.87,0.39,0.09,0.07,38%,21%,31,541,401,244,54,43
10,MaKoDRX,205,1.28,236.1,1.42,77%,159.7,0.81,0.39,0.12,0.09,32%,6%,21,167,118,79,24,18
11,conirKRÜ.B,251,1.27,219.3,1.46,78%,145.8,0.80,0.35,0.07,0.04,29%,23%,24,200,137,88,18,11
12,alexiiikGN,327,1.26,273.1,1.38,72%,171.8,0.97,0.17,0.24,0.20,29%,21%,33,317,229,56,80,65
13,geezaGrif,341,1.26,243.5,1.41,78%,159.6,0.88,0.19,0.14,0.06,35%,23%,25,299,212,66,47,22
14,JuWAKV.GC,259,1.25,269.0,1.31,76%,164.9,0.92,0.24,0.22,0.15,22%,27%,29,238,181,62,56,38
15,srNMIBR,285,1.25,278.8,1.29,76%,185.5,0.95,0.27,0.27,0.14,25%,20%,36,270,210,76,78,41
16,JellyMIBR,285,1.24,249.2,1.34,78%,160.9,0.91,0.33,0.13,0.08,37%,4%,26,259,193,93,37,24
17,zanderM80,216,1.24,263.1,1.36,81%,169.2,0.92,0.46,0.14,0.11,24%,,31,198,146,99,31,23
18,chaseOLP,222,1.24,229.4,1.34,75%,142.8,0.84,0.36,0.09,0.06,36%,9%,31,187,140,81,20,14
19,MohFLC,517,1.23,240.5,1.35,75%,153.3,0.86,0.30,0.13,0.10,28%,13%,30,444,330,154,67,53
20,KyuGrif,300,1.23,231.3,1.27,78%,148.6,0.81,0.37,0.07,0.07,26%,9%,21,243,191,110,22,22
21,AvovAAPK,256,1.23,199.2,1.42,81%,129.3,0.76,0.31,0.07,0.05,41%,32%,21,194,137,80,19,14
22,heatKRÜ,211,1.23,217.4,1.36,76%,146.3,0.83,0.42,0.07,0.08,36%,21%,26,176,129,89,14,16
23,7ssk7NASR,231,1.23,203.1,1.22,83%,125.4,0.74,0.57,0.06,0.03,36%,12%,24,171,140,131,15,8
24,PowerPixelePP,343,1.23,233.8,1.32,81%,150.5,0.81,0.51,0.08,0.08,21%,30%,21,279,212,176,29,26
25,mmonchAKV.GC,259,1.22,227.1,1.33,78%,152.6,0.81,0.34,0.09,0.05,25%,23%,28,209,157,88,23,12
26,rubkkoide9z,288,1.22,222.6,1.32,79%,147.0,0.80,0.36,0.11,0.05,32%,20%,23,229,173,105,32,14
27,L4CEFLY.R,310,1.22,236.4,1.31,74%,153.7,0.84,0.32,0.06,0.04,33%,14%,27,261,199,99,19,12
28,JesseVLNT,207,1.22,225.5,1.36,76%,144.7,0.81,0.30,0.10,0.06,31%,16%,24,167,123,62,21,13
29,DragonJJH,372,1.22,230.9,1.30,74%,149.3,0.81,0.42,0.11,0.11,32%,16%,22,300,231,155,41,42
30,david9z,288,1.21,220.8,1.30,80%,146.0,0.80,0.38,0.07,0.03,30%,15%,25,229,176,108,20,9
31,RuxicFF,243,1.21,245.3,1.27,77%,162.4,0.84,0.34,0.12,0.06,27%,22%,27,203,160,83,28,15
32,VernoOXG,218,1.21,207.4,1.41,75%,141.4,0.75,0.27,0.07,0.06,25%,24%,21,163,116,59,15,14
33,kiNggLEV,230,1.21,219.4,1.29,80%,146.3,0.77,0.42,0.11,0.07,31%,26%,30,178,138,97,25,15
34,MinnyGN,327,1.21,235.2,1.34,75%,149.6,0.83,0.16,0.07,0.06,29%,23%,27,270,201,51,22,20
35,VeraLZE,398,1.21,278.9,1.32,73%,179.3,0.95,0.21,0.21,0.20,20%,10%,32,378,287,82,85,80
36,BeYNDRX,205,1.21,209.3,1.35,84%,136.6,0.78,0.40,0.06,0.06,33%,18%,25,159,118,83,13,12
37,DandaDEMU,209,1.20,223.4,1.37,75%,137.9,0.84,0.29,0.09,0.04,23%,9%,30,175,128,60,18,9
38,ShaoNAVI,227,1.20,208.1,1.22,78%,135.0,0.75,0.42,0.08,0.06,29%,25%,24,170,139,95,18,14
39,AvezNASR,231,1.20,221.8,1.20,74%,146.9,0.77,0.37,0.08,0.11,27%,15%,27,177,148,86,18,25
40,romilyKRÜ.B,251,1.20,203.0,1.46,80%,139.2,0.77,0.20,0.04,0.07,31%,19%,18,194,133,50,11,17
41,azysMLT,244,1.20,271.6,1.26,77%,171.1,0.93,0.19,0.20,0.13,31%,11%,29,226,180,46,48,32
42,ReboROSE,340,1.20,234.5,1.37,73%,150.7,0.84,0.33,0.11,0.09,24%,24%,24,286,209,111,38,32
43,v1cMxS,203,1.20,235.7,1.29,81%,151.3,0.82,0.35,0.12,0.03,25%,6%,24,167,129,72,24,7
44,corteziaRED,308,1.20,203.9,1.26,80%,132.5,0.72,0.43,0.07,0.06,31%,19%,22,223,177,133,23,17
45,TurkoFF,243,1.19,220.1,1.35,79%,148.6,0.79,0.22,0.12,0.05,32%,21%,25,192,142,53,28,13
46,LEWJJH,372,1.19,250.3,1.37,72%,166.9,0.90,0.14,0.13,0.12,26%,26%,29,336,246,51,50,43
47,tokameiteKPI.S,221,1.19,222.2,1.20,76%,150.2,0.84,0.41,0.08,0.04,32%,13%,39,185,154,91,17,9
48,PallapuGG,535,1.19,277.5,1.30,75%,180.5,0.97,0.18,0.21,0.15,30%,25%,32,521,400,95,110,78
49,cNedFUT,216,1.19,239.0,1.32,78%,158.0,0.86,0.19,0.15,0.11,28%,6%,25,186,141,42,33,24
50,BlessedFOC,446,1.19,231.9,1.21,72%,150.0,0.79,0.36,0.12,0.11,30%,21%,28,351,289,162,52,45
51,keznitKRÜ,211,1.19,267.6,1.29,73%,177.2,0.93,0.21,0.21,0.15,30%,15%,26,196,152,44,45,32
52,reqMFC,216,1.19,269.4,1.33,75%,172.6,0.96,0.15,0.18,0.11,37%,13%,33,207,156,32,38,24
53,toozyVZ,254,1.18,214.6,1.22,75%,140.3,0.76,0.41,0.08,0.05,25%,24%,22,192,157,105,21,12
54,wedidTTR,272,1.18,222.5,1.16,75%,147.5,0.78,0.38,0.07,0.08,32%,26%,26,212,182,104,18,23
55,mimiG2.G,419,1.18,206.8,1.23,79%,134.9,0.75,0.41,0.09,0.05,27%,21%,25,314,255,170,38,20
56,kaajakAPK,256,1.18,236.2,1.34,74%,148.9,0.87,0.19,0.21,0.11,38%,29%,26,223,166,48,54,29
57,ChiaWei,303,1.18,218.7,1.34,76%,143.7,0.81,0.27,0.06,0.06,43%,24%,32,246,184,82,17,19
58,HappenPMT,259,1.18,227.0,1.24,76%,153.2,0.80,0.31,0.07,0.05,30%,10%,24,206,166,79,18,14
59,AshLFG,314,1.18,241.3,1.22,73%,153.2,0.85,0.16,0.21,0.17,27%,32%,26,268,219,51,67,52
60,BuZzDRX,205,1.18,254.1,1.26,78%,161.1,0.85,0.16,0.20,0.16,23%,20%,25,175,139,33,40,33
61,alyaLFPT,230,1.18,246.9,1.24,70%,162.0,0.87,0.30,0.09,0.10,28%,29%,23,199,161,70,20,23
62,SatoGLRS,375,1.17,249.6,1.28,70%,158.3,0.86,0.16,0.19,0.15,28%,18%,28,323,252,59,73,58
63,XyuS,303,1.17,234.3,1.30,70%,148.4,0.86,0.10,0.19,0.12,33%,8%,27,261,201,29,57,37
64,N4RRATEKC,424,1.17,222.0,1.18,75%,145.8,0.77,0.35,0.09,0.08,26%,19%,27,325,276,149,39,33
65,brawkMxS,203,1.17,188.8,1.21,75%,120.3,0.67,0.38,0.04,0.07,23%,17%,22,136,112,77,9,15
66,NiSMOM80,216,1.17,211.9,1.13,78%,140.8,0.74,0.52,0.10,0.11,30%,25%,25,159,141,113,21,23
67,kissDead,518,1.17,265.6,1.21,74%,175.5,0.91,0.20,0.22,0.17,27%,29%,28,469,389,104,112,89
68,dipVZ,307,1.17,226.7,1.19,74%,152.9,0.78,0.35,0.07,0.07,29%,9%,24,240,202,108,20,22
69,Dantedeu5AK,337,1.17,242.5,1.28,72%,157.3,0.87,0.19,0.16,0.14,25%,24%,27,294,230,65,54,46
70,kahoSFU.P,258,1.17,245.9,1.15,74%,165.4,0.85,0.35,0.13,0.11,25%,19%,27,219,191,91,34,28
71,LateufuVi,284,1.17,210.1,1.24,77%,133.1,0.77,0.30,0.08,0.07,28%,22%,26,219,176,85,23,20
72,austifrostiTAMU,225,1.16,256.2,1.13,74%,155.9,0.83,0.24,0.20,0.11,17%,13%,33,187,166,53,45,24
73,KiuuuuLGD,248,1.16,224.8,1.19,75%,147.9,0.83,0.38,0.04,0.04,36%,8%,28,207,174,94,11,9
74,Mephisto6K,317,1.15,261.8,1.24,71%,168.4,0.91,0.15,0.19,0.19,26%,24%,35,290,234,47,59,61
75,lexaTWIS.O,555,1.15,226.1,1.25,76%,153.2,0.79,0.21,0.09,0.04,28%,11%,30,436,349,117,51,21
76,lazylionDSG,381,1.15,225.1,1.24,78%,150.0,0.80,0.33,0.09,0.07,26%,29%,23,306,247,126,35,26
77,IvyAKV.GC,259,1.15,213.8,1.20,75%,142.3,0.78,0.37,0.15,0.09,30%,22%,26,202,168,97,39,24
78,KohaibiSMG.GC,311,1.15,227.3,1.21,79%,148.0,0.79,0.33,0.09,0.06,24%,11%,26,246,204,104,27,19
79,FETAAIC,447,1.15,245.7,1.21,69%,159.5,0.85,0.15,0.21,0.16,29%,24%,33,381,314,65,93,73
80,JemkinRRQ,204,1.14,235.4,1.29,77%,151.4,0.87,0.11,0.15,0.15,33%,17%,26,178,138,23,30,30
81,coreyTTR,328,1.14,227.7,1.11,75%,151.0,0.78,0.38,0.16,0.11,26%,17%,25,255,229,124,51,37
82,smileyVLYN,545,1.14,211.7,1.17,78%,138.7,0.76,0.48,0.05,0.09,33%,28%,27,412,353,261,29,51
83,M1kEEDGE,305,1.14,239.5,1.28,70%,163.2,0.88,0.15,0.08,0.10,29%,13%,26,267,208,46,25,30
84,dos9RVNT,343,1.14,238.1,1.27,73%,151.7,0.86,0.20,0.14,0.11,25%,19%,32,295,232,70,47,37
85,BabytzFSS,311,1.14,239.4,1.23,70%,157.4,0.83,0.26,0.15,0.16,17%,20%,26,258,210,82,46,49
86,OXYC9,228,1.14,275.6,1.18,74%,179.6,0.97,0.24,0.25,0.19,28%,18%,35,221,188,55,57,43
87,koalanoobM80,216,1.14,215.2,1.23,80%,136.0,0.80,0.34,0.13,0.09,19%,5%,23,172,140,73,29,19
88,sibeastw0wNASR,231,1.14,262.4,1.21,74%,173.5,0.88,0.25,0.23,0.18,21%,25%,26,203,168,58,53,41
89,RedLightSLT,225,1.14,199.6,1.09,77%,123.5,0.73,0.37,0.05,0.04,22%,26%,27,164,150,84,11,9
90,PROFEKGN,327,1.14,201.4,1.28,76%,135.7,0.76,0.32,0.07,0.08,31%,20%,33,250,195,104,23,26
91,madsMDK,278,1.14,239.0,1.23,75%,153.5,0.87,0.15,0.15,0.11,19%,25%,40,242,196,43,43,30
92,dodonutFLY.R,584,1.14,245.4,1.19,73%,157.7,0.85,0.20,0.20,0.15,21%,18%,28,495,415,118,118,87
93,AkaiFLC,517,1.14,255.9,1.23,75%,164.9,0.90,0.19,0.20,0.14,25%,19%,43,463,376,97,104,71
94,fluxxyO1O,313,1.14,219.8,1.24,79%,148.0,0.80,0.21,0.06,0.06,29%,17%,28,250,201,65,20,19
95,wayneDSG,248,1.14,232.8,1.21,70%,153.7,0.84,0.19,0.13,0.07,26%,23%,27,209,173,48,32,17
96,micaelaKRÜ.B,251,1.14,215.4,1.14,77%,146.8,0.75,0.34,0.13,0.15,30%,21%,20,187,164,85,32,38
97,MOLSIAPK,256,1.13,212.1,1.22,77%,142.8,0.75,0.37,0.08,0.11,29%,9%,24,191,156,95,20,27
98,zeronaZMM.B,259,1.13,254.9,1.30,76%,169.1,0.93,0.31,0.09,0.09,33%,10%,36,241,185,79,24,24
99,adukaNXGA,209,1.13,215.6,1.08,75%,145.3,0.74,0.27,0.11,0.09,26%,21%,21,155,144,57,24,18
100,sickreyR8,320,1.13,195.6,1.19,76%,133.1,0.72,0.35,0.08,0.06,31%,14%,23,230,193,111,24,18
101,ZanatsuRED,308,1.13,262.0,1.30,75%,170.7,0.91,0.19,0.25,0.16,21%,11%,29,280,215,60,77,50
102,Mihlog,204,1.13,215.4,1.18,75%,137.7,0.77,0.42,0.09,0.05,30%,12%,23,158,134,85,19,10
103,XdllFL,400,1.13,239.5,1.14,70%,154.7,0.82,0.29,0.13,0.10,25%,29%,27,327,287,116,52,41
104,KHaaLiDFLC,517,1.13,201.4,1.09,77%,133.0,0.69,0.42,0.09,0.06,28%,21%,22,359,329,219,44,31
105,musashiACE,223,1.13,222.4,1.15,75%,145.3,0.81,0.33,0.10,0.13,27%,4%,33,180,156,74,22,30
106,SkRossiRVNT,343,1.13,224.1,1.13,72%,147.0,0.76,0.30,0.10,0.08,30%,13%,26,262,232,104,33,28
107,qRaxsFUT,216,1.13,193.8,1.10,74%,122.5,0.70,0.40,0.06,0.06,28%,19%,22,152,138,87,13,12
108,BobSAD,268,1.13,221.7,1.22,78%,150.0,0.80,0.28,0.07,0.04,34%,18%,24,214,175,74,20,11
109,JitBoySTLN,222,1.13,207.4,1.14,76%,135.1,0.73,0.38,0.09,0.08,38%,26%,24,163,143,84,20,17
110,JoBaTAMU,225,1.13,211.1,1.19,73%,134.7,0.74,0.27,0.10,0.08,24%,11%,22,166,140,60,22,17
111,Br1ckzlVIS,388,1.13,222.5,1.12,73%,148.6,0.79,0.33,0.10,0.05,31%,7%,27,307,274,128,38,21
112,jduhO1O,313,1.13,215.3,1.19,76%,136.3,0.75,0.39,0.06,0.07,36%,28%,22,235,198,122,18,22
113,infiltratorWU,324,1.13,267.5,1.18,76%,175.4,0.93,0.18,0.25,0.17,25%,25%,31,300,255,57,81,56
114,kv7mUNta,284,1.13,189.7,1.07,75%,125.6,0.67,0.50,0.04,0.06,28%,20%,20,191,179,143,11,17
115,d3ffoVLNT,207,1.13,221.3,1.15,72%,144.9,0.78,0.18,0.22,0.12,27%,,22,161,140,37,45,24
116,AnvafuVi,284,1.13,238.5,1.22,74%,154.4,0.85,0.19,0.11,0.09,24%,21%,25,241,197,55,32,25
117,ReduxxOXG,218,1.13,260.3,1.20,72%,161.4,0.90,0.18,0.24,0.16,22%,8%,28,196,163,39,52,35
118,NannersZMM.B,330,1.13,229.9,1.16,73%,152.5,0.79,0.25,0.15,0.11,25%,26%,26,260,225,83,47,34
119,TajReXLDS,209,1.12,232.0,1.16,72%,151.8,0.80,0.35,0.09,0.09,26%,19%,26,167,144,73,19,19
120,SinawayAIC,447,1.12,227.0,1.20,70%,152.4,0.81,0.18,0.09,0.07,34%,11%,31,364,303,79,39,32
121,sorenColo,376,1.12,236.3,1.14,66%,155.4,0.82,0.18,0.21,0.20,33%,14%,29,309,270,66,78,74
122,STYRONSGP,274,1.12,231.7,1.19,72%,157.2,0.82,0.29,0.10,0.07,29%,25%,28,226,190,79,27,18
123,BerserXBME,291,1.12,211.3,1.31,75%,143.3,0.79,0.22,0.08,0.08,25%,17%,30,231,177,64,23,22
124,KushGRD,291,1.12,224.6,1.18,75%,146.0,0.80,0.31,0.14,0.10,32%,50%,24,233,197,91,41,30
125,JlerstGAL,370,1.12,217.5,1.21,77%,142.2,0.79,0.30,0.10,0.07,35%,13%,31,293,243,111,37,26
126,GlanceKC.GC,364,1.12,215.2,1.16,78%,143.3,0.77,0.35,0.09,0.05,27%,17%,36,279,241,127,31,18
127,zeekGN,327,1.12,200.1,1.13,76%,131.5,0.70,0.39,0.05,0.07,22%,19%,30,228,202,129,17,23
128,invyTS,338,1.12,205.2,1.06,78%,136.1,0.74,0.50,0.06,0.04,34%,12%,25,249,234,170,21,14
129,dziiLESS,398,1.12,219.7,1.22,77%,147.8,0.81,0.22,0.07,0.08,28%,18%,31,324,265,88,29,33
130,ShyyKRÜ,211,1.12,186.0,1.17,75%,131.1,0.66,0.26,0.06,0.06,26%,15%,20,140,120,54,12,12
131,BcJM80,216,1.12,182.0,1.15,77%,116.4,0.65,0.36,0.08,0.06,22%,16%,20,140,122,78,17,14
132,blowz1nOLP,222,1.12,244.1,1.10,70%,157.5,0.82,0.26,0.17,0.14,25%,18%,26,181,165,58,38,32
133,evaFLCV,328,1.12,207.0,1.25,78%,138.9,0.78,0.23,0.05,0.05,34%,11%,28,256,205,75,17,17
134,InstxnctGrif,341,1.12,227.3,1.16,73%,151.2,0.77,0.20,0.20,0.16,24%,21%,29,264,228,69,67,53
135,unstableDSG,385,1.11,228.4,1.21,76%,143.1,0.83,0.27,0.16,0.11,29%,25%,23,321,265,105,63,42
136,MAGiKJL,216,1.11,210.2,1.07,71%,134.1,0.71,0.39,0.08,0.08,32%,13%,24,154,144,84,18,18
137,SayfVIT,276,1.11,226.6,1.23,75%,144.1,0.83,0.24,0.11,0.08,31%,9%,28,228,185,66,29,23
138,sociablEEFF,243,1.11,203.5,1.17,79%,133.7,0.71,0.34,0.07,0.07,26%,7%,28,173,148,83,18,18
139,SpazTACO,300,1.11,209.4,1.08,78%,136.4,0.71,0.45,0.07,0.09,19%,20%,24,214,199,134,20,24
140,meLSR,509,1.11,210.4,1.13,79%,136.6,0.73,0.42,0.08,0.08,24%,22%,26,372,329,212,43,43
141,SimonD4rkR8,320,1.11,228.2,1.22,73%,149.6,0.83,0.18,0.13,0.13,23%,12%,25,264,217,57,41,43
142,johnqtSEN,700,1.11,196.0,1.17,79%,130.6,0.69,0.27,0.07,0.05,25%,19%,29,484,412,192,51,38
143,JremyTS,338,1.11,247.3,1.14,75%,156.4,0.83,0.20,0.24,0.24,22%,24%,30,281,246,66,81,82
144,zekkenSEN,700,1.11,252.4,1.18,73%,159.0,0.87,0.20,0.22,0.18,23%,16%,32,606,514,143,152,124
145,Leen,555,1.11,249.2,1.17,70%,160.6,0.87,0.18,0.17,0.16,33%,16%,35,484,413,98,94,91
146,TechnoTRS,396,1.11,208.4,1.15,77%,138.4,0.76,0.37,0.06,0.06,27%,18%,31,300,261,146,25,25
147,SiduzordSTE,535,1.11,195.5,1.10,73%,128.4,0.68,0.32,0.06,0.07,27%,17%,24,366,334,170,33,40
148,DaveeskiPMT,209,1.11,224.5,1.12,69%,146.8,0.78,0.33,0.13,0.12,28%,35%,20,163,145,68,27,26
149,OkeanosBC,261,1.11,263.7,1.21,71%,166.7,0.92,0.18,0.24,0.20,27%,11%,28,241,200,47,58,48
150,TenZSEN,700,1.11,212.6,1.06,77%,133.2,0.74,0.53,0.10,0.09,27%,22%,25,518,489,371,70,64
151,anesiliaGMX.L,284,1.11,186.7,1.01,77%,122.3,0.64,0.49,0.09,0.07,22%,30%,21,182,181,139,25,20
152,coconutOF,248,1.11,222.1,1.20,68%,147.2,0.82,0.19,0.10,0.13,31%,18%,28,203,169,46,26,33
153,ShawateRRUG,396,1.11,209.1,1.07,73%,135.1,0.70,0.43,0.08,0.06,25%,15%,24,279,261,169,33,24
154,VowSRP,200,1.11,221.1,1.10,75%,153.6,0.75,0.32,0.08,0.14,31%,6%,27,150,136,64,16,28
155,MabuchiUG,535,1.11,233.0,1.19,71%,150.1,0.83,0.19,0.13,0.12,28%,14%,30,443,373,99,72,64
156,LiNLiNAKV.GC,259,1.10,200.8,1.12,78%,136.4,0.73,0.47,0.06,0.06,35%,24%,28,190,170,121,16,16
157,klaudiaO1O,313,1.10,210.1,1.06,80%,135.9,0.74,0.61,0.07,0.06,28%,14%,24,231,218,191,23,18
158,AnnieO1O,313,1.10,240.3,1.15,70%,156.2,0.83,0.15,0.22,0.20,28%,19%,28,261,227,48,69,63
159,SUYGETSUNAVI,227,1.10,194.5,1.14,76%,134.4,0.70,0.23,0.08,0.07,34%,11%,22,160,140,53,18,15
160,HateLFG,314,1.10,225.4,1.14,74%,145.7,0.79,0.32,0.10,0.09,38%,18%,25,248,218,102,32,27
161,HalsRC,253,1.10,211.4,1.12,70%,143.2,0.74,0.21,0.07,0.11,22%,32%,23,187,167,52,18,27
162,Bing ChillingTAMU,225,1.10,188.0,1.03,78%,121.3,0.66,0.45,0.09,0.07,18%,21%,21,148,144,102,21,15
163,MelserKRÜ,211,1.10,179.6,1.10,74%,124.5,0.66,0.28,0.09,0.08,31%,10%,22,139,126,59,20,17
164,benjyfishyTH,391,1.10,212.2,1.24,73%,140.2,0.79,0.18,0.08,0.06,29%,17%,28,309,250,72,31,25
165,tinchoffAK,337,1.10,199.1,1.19,76%,132.4,0.73,0.16,0.09,0.07,31%,22%,25,246,207,54,29,25
166,LessLOUD,534,1.10,205.1,1.17,75%,144.6,0.74,0.26,0.07,0.08,30%,5%,27,393,337,139,39,41
167,AskiaHERO,426,1.10,176.9,1.07,72%,118.4,0.65,0.38,0.05,0.05,25%,22%,23,276,258,163,22,21
168,signedJJH,372,1.10,200.3,1.16,75%,134.2,0.70,0.30,0.08,0.05,27%,19%,23,262,226,111,29,17
169,prozinTBK,496,1.10,223.7,1.07,74%,144.6,0.76,0.41,0.14,0.10,26%,24%,28,376,350,203,69,51
170,SerenityGHR,217,1.10,246.0,1.19,69%,163.3,0.91,0.12,0.15,0.11,36%,19%,32,197,165,25,33,24
171,BrinksWTR,496,1.10,195.1,1.11,75%,122.7,0.69,0.36,0.09,0.05,28%,14%,21,344,310,179,43,25
172,goberaLGCY,419,1.10,244.9,1.21,69%,160.2,0.86,0.17,0.18,0.18,19%,5%,30,362,299,73,76,77
173,hypeAPK,256,1.10,217.9,1.19,77%,145.3,0.75,0.23,0.11,0.09,27%,21%,22,193,162,58,27,22
174,KohliiiGRY,390,1.10,207.9,1.07,75%,134.8,0.72,0.40,0.06,0.08,25%,12%,25,280,262,156,24,30
175,jasJL,216,1.09,235.9,1.15,69%,157.9,0.83,0.15,0.22,0.18,29%,9%,25,179,156,33,47,39
176,poofdont,240,1.09,248.5,1.24,68%,165.0,0.92,0.15,0.13,0.13,36%,28%,43,221,178,35,32,32
177,madisonIrre,216,1.09,246.1,1.12,72%,162.6,0.85,0.25,0.18,0.17,25%,10%,27,183,164,55,39,37
178,LmemoreRRQ,204,1.09,226.6,1.10,69%,152.2,0.81,0.24,0.10,0.11,34%,17%,30,165,150,49,20,22
179,BRIANRC,253,1.09,236.8,1.12,73%,155.4,0.81,0.26,0.15,0.11,29%,11%,29,206,184,66,39,29
180,SukaRLF,204,1.09,211.0,1.03,76%,133.7,0.73,0.50,0.11,0.10,25%,18%,22,148,144,101,23,20
181,StarBoundFLY.R,542,1.09,206.7,1.16,75%,141.2,0.73,0.21,0.08,0.06,20%,12%,28,395,340,116,43,32
182,XrossNS,239,1.09,216.5,1.14,71%,142.9,0.74,0.24,0.09,0.08,24%,13%,28,177,155,58,22,20
183,staxDRX,205,1.09,183.2,1.04,77%,113.5,0.63,0.43,0.08,0.07,25%,9%,17,129,124,88,16,14
184,IKANAGZL,518,1.09,201.2,1.15,77%,133.9,0.75,0.35,0.06,0.07,28%,16%,32,386,336,182,30,36
185,dgzinHERO,426,1.09,254.6,1.18,71%,164.8,0.89,0.18,0.18,0.15,28%,18%,27,378,320,76,77,66
186,sScaryBLD,229,1.09,226.1,1.15,75%,149.0,0.80,0.29,0.10,0.08,27%,14%,26,184,160,66,24,18
187,SpYzeraFLC,517,1.09,201.1,1.12,76%,132.1,0.72,0.30,0.09,0.05,29%,12%,26,371,331,156,47,28
188,KyleeARF,272,1.09,211.4,1.10,74%,142.0,0.76,0.23,0.10,0.10,42%,22%,26,207,189,62,26,28
189,AmbiVLNT,207,1.09,172.8,1.02,77%,114.6,0.62,0.46,0.06,0.06,29%,12%,18,128,126,96,13,13
190,zeldrisQOR,201,1.09,265.3,1.19,72%,171.6,0.92,0.21,0.22,0.19,21%,7%,33,185,155,42,44,38
191,sSefGrif,341,1.09,191.1,1.05,77%,127.7,0.68,0.39,0.09,0.06,25%,11%,22,232,221,132,31,20
192,MrFaliNFUT,216,1.08,195.4,1.05,74%,128.1,0.69,0.30,0.11,0.09,23%,16%,25,149,142,65,23,19
193,grumbleLZE,398,1.08,198.4,1.07,74%,136.6,0.70,0.31,0.07,0.07,37%,21%,23,277,259,123,27,26
194,zeekCVU.NBG,299,1.08,216.4,0.96,68%,135.2,0.72,0.38,0.10,0.10,25%,13%,21,215,223,114,29,31
195,mikeEBC,390,1.08,211.2,1.10,74%,141.7,0.75,0.25,0.06,0.06,30%,13%,24,292,266,99,22,21
196,clearBOB,216,1.08,248.0,1.13,68%,159.5,0.86,0.18,0.21,0.13,32%,19%,24,186,165,38,45,28
197,NakJiLFG,314,1.08,199.7,1.06,76%,127.4,0.70,0.43,0.06,0.08,27%,18%,21,220,207,135,20,25
198,MelMIBR,285,1.08,189.9,1.23,71%,126.1,0.72,0.21,0.06,0.07,32%,26%,21,205,167,60,17,21
199,bdogTTR,272,1.08,216.4,1.04,73%,137.4,0.74,0.37,0.14,0.13,29%,15%,23,202,194,101,39,36
200,yomanNS,239,1.08,197.5,1.14,72%,126.6,0.72,0.27,0.08,0.10,25%,12%,20,171,150,65,18,24
201,c4LypsoVLYN,225,1.08,208.9,1.10,74%,137.1,0.76,0.30,0.11,0.07,36%,10%,24,170,155,68,25,15
202,Naxa,238,1.08,275.9,1.23,66%,183.0,1.00,0.15,0.23,0.18,27%,21%,30,237,193,36,55,43
203,gaabxxRED,308,1.08,194.6,1.12,72%,129.6,0.68,0.33,0.08,0.07,24%,16%,21,208,185,103,26,23
204,SrxOXR,347,1.08,263.8,1.16,70%,170.3,0.92,0.17,0.28,0.23,28%,32%,29,318,274,60,97,79
205,NozzBOBO,455,1.08,201.9,1.03,77%,132.6,0.69,0.51,0.07,0.07,31%,24%,26,313,305,230,30,31
206,woodyARF,272,1.08,234.5,1.09,74%,160.6,0.82,0.25,0.07,0.07,32%,16%,28,222,203,69,20,19
207,YanLi,303,1.08,191.6,1.06,76%,130.8,0.67,0.34,0.09,0.08,31%,10%,26,202,191,103,27,24
208,MazuongBOBO,395,1.08,255.2,1.15,72%,172.0,0.87,0.19,0.20,0.15,34%,11%,32,342,297,75,79,58
209,vizslaFOC,446,1.08,206.8,1.12,71%,143.4,0.73,0.22,0.11,0.12,34%,7%,36,324,290,96,48,52
210,McKinleyAIC,447,1.08,199.3,1.08,71%,138.0,0.72,0.28,0.06,0.06,28%,16%,35,320,295,125,26,25
211,runiC9,228,1.08,194.3,1.08,74%,137.8,0.71,0.24,0.07,0.07,35%,15%,21,162,150,54,16,15
212,RossyT1,329,1.08,199.7,1.03,75%,132.6,0.68,0.40,0.08,0.07,24%,20%,22,223,217,131,27,24
213,peaceTWIS.O,511,1.07,210.7,1.02,73%,137.4,0.72,0.38,0.09,0.09,34%,17%,25,370,362,196,47,46
214,MiniBooTH,391,1.07,234.6,1.10,74%,150.0,0.82,0.26,0.18,0.18,33%,17%,25,319,290,100,71,69
215,RainyCBT,303,1.07,184.8,1.02,77%,119.2,0.65,0.40,0.09,0.07,27%,13%,21,196,193,122,27,20
216,LazZETA,241,1.07,206.8,1.11,69%,137.3,0.73,0.15,0.15,0.09,25%,3%,22,177,160,35,35,21
217,OderusMxS,203,1.07,184.6,1.08,69%,126.3,0.64,0.35,0.12,0.11,34%,18%,21,129,120,71,24,23
218,somethingPRX,562,1.07,215.7,1.10,73%,137.1,0.77,0.21,0.16,0.11,25%,11%,24,430,390,116,89,64
219,roompaVLYN,225,1.07,201.2,1.10,74%,135.2,0.72,0.31,0.06,0.08,32%,22%,25,162,147,70,14,18
220,ALIVEACE,223,1.07,238.4,1.15,69%,156.7,0.86,0.16,0.14,0.14,29%,18%,30,191,166,35,32,32
221,splashNXGA,209,1.07,258.8,1.16,72%,169.7,0.88,0.20,0.20,0.18,22%,,31,184,159,41,42,37
222,exa,225,1.07,242.7,1.16,76%,154.9,0.85,0.36,0.13,0.07,26%,29%,29,192,166,80,30,16
223,NeskaaSVMS,207,1.07,215.8,1.03,69%,143.7,0.71,0.23,0.12,0.07,24%,10%,20,147,143,48,25,14
224,lg1c,362,1.07,218.4,1.13,72%,144.3,0.80,0.19,0.17,0.14,23%,18%,29,290,256,67,62,49
225,NythanARF,272,1.07,210.2,1.04,74%,133.7,0.75,0.36,0.10,0.08,26%,30%,24,203,196,99,26,23
226,mizu9z,288,1.07,216.9,1.21,72%,143.7,0.81,0.15,0.10,0.09,36%,20%,28,233,193,42,30,25
227,alexisSR,509,1.07,175.4,1.00,76%,112.9,0.63,0.44,0.07,0.06,30%,15%,21,319,319,225,38,33
228,al0ranteFKS,237,1.07,208.2,1.08,67%,134.6,0.72,0.26,0.08,0.05,39%,11%,21,170,158,61,19,13
229,pennyG2,201,1.07,240.3,1.05,71%,158.4,0.80,0.24,0.15,0.14,21%,12%,24,160,153,48,30,28
230,GodsB,200,1.07,205.4,1.14,70%,135.4,0.74,0.22,0.10,0.06,28%,20%,24,148,130,43,20,12
231,alannnNOVO,276,1.07,214.0,1.13,76%,143.5,0.80,0.21,0.10,0.13,31%,19%,41,220,194,57,28,37
232,yetujeyFUT,216,1.06,201.2,1.15,70%,130.2,0.71,0.18,0.12,0.11,28%,8%,23,154,134,38,25,23
233,ardiisNAVI,227,1.06,197.5,0.99,74%,131.5,0.70,0.45,0.09,0.11,22%,13%,21,159,160,103,20,24
234,DESTRUCT1VEEGAL,370,1.06,218.4,1.10,75%,142.1,0.74,0.28,0.11,0.08,30%,15%,24,274,250,104,40,31
235,AyumiiiRRQ.K,311,1.06,228.9,1.09,70%,151.2,0.77,0.23,0.14,0.17,17%,15%,25,240,221,71,42,52
236,MunchkinGEN,654,1.06,190.4,1.05,73%,126.3,0.65,0.41,0.07,0.10,23%,17%,21,428,408,266,44,66
237,DemiurgeMZP,247,1.06,245.0,1.04,71%,164.5,0.83,0.22,0.17,0.14,24%,14%,33,205,198,55,43,34
238,PieColo,376,1.06,189.6,1.00,74%,134.8,0.64,0.39,0.06,0.08,20%,16%,24,240,240,148,23,29
239,RobbieBkJL,216,1.06,173.9,1.04,75%,116.8,0.63,0.30,0.06,0.06,27%,11%,23,136,131,65,13,14
240,w0zzipFF,243,1.06,172.3,1.03,77%,111.8,0.60,0.31,0.07,0.07,22%,9%,20,147,143,76,17,17
241,RetrQBurg,222,1.06,199.8,1.07,72%,131.6,0.72,0.32,0.10,0.07,34%,13%,25,159,149,72,23,15
242,GLYPHMR,449,1.06,220.2,1.05,74%,144.7,0.75,0.42,0.06,0.10,25%,12%,28,336,320,187,26,42
243,polloOLP,222,1.06,224.3,1.11,67%,146.4,0.79,0.22,0.11,0.09,30%,15%,24,176,158,49,25,20
244,CebandoAK,337,1.06,178.0,1.00,74%,116.0,0.64,0.39,0.07,0.07,36%,8%,20,215,216,131,24,23
245,MaiShiuFOC,446,1.06,195.2,1.03,76%,125.1,0.69,0.37,0.09,0.04,24%,22%,24,306,297,164,41,18
246,erdeFG,316,1.06,218.6,1.08,71%,142.8,0.75,0.35,0.09,0.10,24%,30%,21,237,220,112,30,31
247,phixyz,362,1.06,200.1,1.02,75%,126.3,0.71,0.42,0.07,0.04,27%,15%,24,257,253,153,24,14
248,Jazzyk1nsCOL,343,1.06,213.0,1.09,71%,138.8,0.73,0.23,0.14,0.14,20%,27%,23,250,230,80,47,49
249,LujFLCV,625,1.06,202.5,1.10,72%,134.7,0.74,0.28,0.08,0.06,33%,19%,27,462,420,172,47,36
250,amyG2.G,419,1.06,202.4,1.12,77%,134.7,0.72,0.27,0.06,0.07,29%,19%,27,300,267,113,24,28
251,KorsonixTOR,308,1.06,186.3,1.07,68%,126.7,0.67,0.28,0.04,0.06,26%,15%,23,206,192,86,13,17
252,spike2G,434,1.05,219.7,1.04,73%,144.4,0.77,0.35,0.07,0.09,28%,25%,24,333,321,152,32,38
253,Fighter,364,1.05,228.1,1.05,71%,140.8,0.80,0.30,0.14,0.14,30%,15%,28,291,276,110,52,50
254,purp0GX,305,1.05,218.2,1.02,70%,148.3,0.75,0.17,0.17,0.13,32%,10%,26,229,224,53,52,41
255,princeTBK,496,1.05,193.0,1.07,73%,129.2,0.69,0.24,0.08,0.07,26%,16%,23,344,321,117,39,34
256,adrnkingGRY,390,1.05,209.4,1.13,75%,140.9,0.77,0.25,0.09,0.09,31%,13%,27,301,266,98,35,34
257,JoliinaaGX.GC,426,1.05,209.8,1.02,73%,142.0,0.73,0.38,0.08,0.05,22%,25%,25,309,304,162,32,20
258,MythFOC,446,1.05,183.6,0.99,73%,116.7,0.63,0.35,0.07,0.07,24%,12%,26,279,282,156,31,30
259,JaebiNSLT,368,1.05,236.2,1.09,74%,156.5,0.82,0.21,0.18,0.14,16%,12%,26,300,275,79,67,53
260,RizoNUG,663,1.05,225.8,1.05,71%,150.3,0.78,0.27,0.12,0.14,30%,15%,34,518,492,179,82,96
261,quantumrinoPMT,259,1.05,217.2,1.11,68%,140.8,0.77,0.12,0.18,0.20,27%,24%,21,199,180,31,47,51
262,ACHRFOXR,522,1.05,208.1,1.04,75%,136.1,0.71,0.38,0.06,0.06,26%,8%,26,371,357,200,32,30
263,t3xtureGEN,654,1.05,223.9,1.12,70%,146.1,0.80,0.16,0.18,0.13,25%,18%,23,523,467,107,115,88
264,AndrehsAKV.GC,259,1.05,195.8,1.01,75%,126.6,0.68,0.40,0.06,0.07,31%,14%,20,176,174,104,16,19
265,skubaOXG,218,1.05,181.0,1.06,75%,115.1,0.67,0.37,0.06,0.08,28%,23%,22,146,138,80,12,17
266,devilasxaGMX.L,330,1.05,201.1,0.97,75%,127.8,0.70,0.39,0.09,0.08,35%,21%,30,230,237,129,31,27
267,KaronGEN,654,1.05,197.5,1.03,74%,128.2,0.70,0.38,0.08,0.06,29%,11%,22,458,445,246,53,40
268,ip0TTGAL,370,1.05,225.4,1.12,69%,146.2,0.78,0.14,0.16,0.15,30%,11%,26,290,260,50,60,55
269,bipoNOVO,276,1.05,236.5,1.08,71%,150.1,0.81,0.18,0.17,0.15,21%,18%,25,224,207,51,47,42
270,h6tedthemostACE,221,1.05,211.7,1.11,76%,130.3,0.76,0.41,0.08,0.09,28%,14%,29,168,152,91,17,20
271,ShiroBME,291,1.05,211.2,1.03,74%,144.2,0.72,0.37,0.07,0.08,27%,12%,21,209,202,109,20,23
272,BonoboFOC,446,1.05,227.0,1.11,72%,148.4,0.81,0.18,0.15,0.12,30%,16%,33,362,325,82,65,50
273,LiloMBH,283,1.05,229.1,1.03,67%,156.4,0.78,0.19,0.17,0.18,21%,8%,31,222,215,55,48,52
274,gottenAE,291,1.05,193.8,1.03,70%,121.2,0.69,0.31,0.10,0.07,37%,8%,25,202,197,91,28,21
275,ValdyNAE,291,1.05,194.0,1.02,77%,125.2,0.68,0.41,0.07,0.09,26%,17%,18,197,193,120,20,26
276,PolviGE,244,1.05,222.8,1.06,72%,147.4,0.77,0.20,0.18,0.16,23%,12%,22,188,178,48,44,40
277,BORKUMTS,338,1.05,191.7,1.00,73%,124.8,0.67,0.33,0.08,0.06,23%,22%,19,226,225,112,27,19
278,crashiesNRG,219,1.05,187.7,1.12,72%,121.2,0.72,0.22,0.04,0.06,35%,21%,24,157,140,48,9,13
279,acrianVLYN,225,1.05,223.1,1.11,74%,149.8,0.80,0.23,0.09,0.07,23%,13%,23,179,161,51,20,16
280,luckyMrJ325,209,1.05,188.0,1.09,69%,120.1,0.68,0.20,0.10,0.08,26%,20%,24,143,131,42,21,16
281,MazinoLEV,230,1.05,199.6,1.07,75%,126.7,0.70,0.36,0.08,0.07,31%,18%,25,162,151,82,18,16
282,tuyzLOUD,534,1.05,178.8,1.08,71%,120.1,0.67,0.35,0.05,0.06,30%,15%,22,359,332,186,25,31
283,f0rsakeNPRX,562,1.05,213.3,1.07,72%,140.7,0.75,0.33,0.11,0.11,30%,15%,25,424,395,183,63,64
284,d1sruptTRS,396,1.04,216.7,1.01,73%,140.3,0.73,0.36,0.09,0.06,28%,10%,23,291,289,141,36,24
285,K1LLERSFPT,230,1.04,201.6,1.01,73%,136.0,0.70,0.31,0.11,0.08,23%,22%,19,161,159,72,25,19
286,AkameRC,253,1.04,245.0,1.13,70%,159.5,0.85,0.20,0.19,0.15,22%,11%,39,215,191,51,47,39
287,PkmNS,239,1.04,240.0,1.19,69%,162.0,0.87,0.16,0.19,0.12,28%,11%,32,207,174,39,46,28
288,tomaszyKC,424,1.04,197.2,1.05,72%,132.1,0.69,0.27,0.07,0.08,32%,18%,26,291,278,116,29,34
289,sarahcatSR,571,1.04,210.1,1.01,74%,136.3,0.70,0.36,0.12,0.11,25%,21%,24,401,396,205,67,61
290,mikeeJL,216,1.04,177.4,1.05,77%,120.3,0.63,0.17,0.06,0.09,25%,19%,20,137,130,37,12,19
291,marteenKC,424,1.04,215.8,1.04,73%,143.8,0.75,0.20,0.17,0.18,26%,24%,29,318,306,86,74,76
292,JesmuOF,300,1.04,211.4,1.05,76%,137.4,0.75,0.35,0.07,0.09,20%,9%,22,224,213,106,20,26
293,MikaelARF,283,1.04,197.9,1.01,72%,127.3,0.69,0.39,0.07,0.05,27%,11%,23,195,194,111,20,13
294,DEATHMAKERTRS,396,1.04,230.1,1.04,69%,153.9,0.80,0.18,0.20,0.23,28%,17%,29,318,306,73,81,91
295,phequaThe,286,1.04,221.7,1.10,72%,144.6,0.80,0.17,0.15,0.17,35%,15%,32,228,208,49,42,48
296,starkkNOVO,276,1.04,175.5,0.96,74%,117.5,0.60,0.38,0.07,0.07,22%,16%,19,166,173,104,18,20
297,TokiFLCV,625,1.04,226.8,1.06,70%,152.8,0.77,0.21,0.20,0.22,27%,11%,26,482,453,133,128,137
298,panccHERO,426,1.04,211.5,1.06,69%,137.7,0.71,0.23,0.13,0.11,29%,24%,23,303,287,97,56,47
299,BggR8,320,1.04,196.3,1.06,78%,125.6,0.70,0.38,0.12,0.09,26%,8%,18,223,210,121,37,30
300,GGHuiiiLGD,248,1.04,227.3,1.09,69%,149.1,0.80,0.19,0.19,0.19,21%,24%,25,199,183,46,47,46
301,miNtFL.GC,277,1.04,237.9,1.17,68%,151.0,0.85,0.15,0.21,0.18,27%,19%,25,236,201,41,59,51
302,EthanNRG,219,1.04,193.6,0.99,72%,125.4,0.64,0.47,0.05,0.10,20%,15%,19,141,143,102,12,21
303,HANNSRP,200,1.04,235.8,1.10,68%,151.1,0.81,0.21,0.18,0.14,25%,14%,24,161,147,41,35,28
304,none9z.GC,250,1.04,252.4,1.10,68%,171.8,0.86,0.19,0.20,0.20,23%,18%,32,216,197,48,50,49
305,GrmekistaDIA,290,1.04,193.1,1.06,72%,126.1,0.67,0.38,0.06,0.08,22%,31%,24,195,184,109,18,24
306,AlessiaMDK,278,1.04,202.5,1.12,66%,134.8,0.74,0.14,0.13,0.14,35%,21%,25,207,185,39,36,38
307,ZimoTwis,521,1.04,205.9,1.05,72%,139.2,0.71,0.29,0.07,0.05,34%,18%,27,371,352,153,37,27
308,MiyoriGX.GC,426,1.04,232.6,1.10,70%,154.4,0.82,0.19,0.15,0.11,28%,22%,35,350,318,80,63,48
309,NabberTAMU,225,1.04,199.4,1.07,71%,130.7,0.72,0.32,0.09,0.08,30%,16%,23,163,153,73,20,19
310,stellarTTR,272,1.04,187.8,1.03,71%,123.3,0.66,0.33,0.03,0.07,23%,13%,23,179,174,90,9,20
311,bonesYFP,265,1.04,222.4,1.04,73%,140.1,0.77,0.27,0.14,0.12,22%,19%,24,203,195,72,36,31
312,v1nnyRED,308,1.04,199.2,1.06,72%,130.9,0.69,0.40,0.06,0.10,33%,16%,21,213,201,124,17,30
313,DepZETA,241,1.04,221.0,1.04,72%,145.5,0.78,0.23,0.15,0.16,28%,24%,29,187,179,55,37,39
314,Dark3stSAD,448,1.04,204.8,1.04,71%,133.6,0.73,0.36,0.11,0.09,28%,16%,30,328,314,162,48,41
315,BlahstZMM.B,330,1.04,182.1,0.94,75%,117.6,0.62,0.44,0.05,0.07,26%,10%,20,206,219,146,15,23
316,romiaFL.GC,277,1.03,204.1,1.10,70%,134.0,0.74,0.19,0.07,0.07,26%,18%,21,204,185,52,20,19
317,stewSFU.P,258,1.03,183.6,1.01,71%,122.8,0.67,0.31,0.05,0.03,30%,20%,20,172,171,79,12,8
318,blaZek1ngGE,244,1.03,198.6,1.03,73%,134.0,0.69,0.30,0.13,0.07,29%,14%,22,169,164,72,31,17
319,LightningfastGE,244,1.03,206.7,1.02,73%,131.0,0.70,0.39,0.09,0.08,33%,20%,24,172,168,95,22,20
320,xfferoRRQ,204,1.03,207.8,1.12,72%,131.7,0.75,0.15,0.10,0.08,31%,16%,23,152,136,30,21,17
321,SayaplayerT1,329,1.03,221.9,1.02,73%,145.7,0.78,0.19,0.19,0.14,26%,15%,24,256,252,63,63,45
322,yuranZETA,241,1.03,206.6,0.95,68%,140.9,0.67,0.35,0.07,0.09,27%,17%,19,162,170,85,17,22
323,lukxoGLRS,375,1.03,200.6,1.04,70%,134.1,0.69,0.30,0.10,0.08,35%,17%,22,260,251,112,37,30
324,TeagueTACO,238,1.03,176.1,0.90,74%,109.1,0.60,0.59,0.07,0.09,20%,,15,143,159,141,16,20
325,Foxy9DRX,205,1.03,176.8,1.11,74%,115.1,0.66,0.26,0.08,0.09,28%,24%,23,136,122,54,16,19
326,FamouzBME,291,1.03,228.2,1.07,71%,154.5,0.78,0.17,0.19,0.21,21%,13%,25,226,212,50,54,60
327,rDeeWJJH,372,1.03,203.2,1.06,67%,137.2,0.72,0.22,0.11,0.08,23%,18%,26,266,251,82,41,31
328,monerR8,320,1.03,185.0,1.06,76%,123.9,0.67,0.25,0.09,0.07,24%,9%,24,213,201,79,28,23
329,CohburgSAD,268,1.03,207.5,1.07,73%,137.5,0.72,0.19,0.14,0.10,26%,12%,23,193,180,50,38,26
330,zeryDIV,307,1.03,222.9,1.04,72%,150.0,0.77,0.24,0.16,0.11,28%,11%,27,236,226,75,50,34
331,RxYaLONLI,259,1.03,191.5,1.06,69%,123.4,0.69,0.16,0.05,0.05,23%,6%,25,180,170,41,14,14
332,gMdTSM,236,1.03,213.5,1.11,74%,140.9,0.76,0.32,0.11,0.08,31%,14%,26,180,162,76,27,19
333,LeViMLT,347,1.03,194.6,1.01,73%,127.6,0.68,0.32,0.09,0.09,29%,13%,25,237,235,112,31,30
334,jademwahNB,429,1.03,226.1,1.10,71%,142.1,0.79,0.27,0.17,0.16,20%,18%,30,340,308,116,73,67
335,TimZMM.B,330,1.03,216.8,1.04,71%,137.0,0.76,0.33,0.08,0.08,25%,16%,30,250,240,109,26,25
336,str1keRTU,364,1.03,232.2,1.11,70%,156.2,0.83,0.19,0.10,0.13,26%,24%,30,302,273,69,38,48
337,LeyreMDK,278,1.03,212.2,1.04,76%,143.3,0.75,0.39,0.08,0.10,39%,16%,22,209,201,108,22,29
338,grubinhoKOI,239,1.03,192.2,0.97,78%,129.1,0.66,0.32,0.10,0.09,33%,15%,22,158,163,76,23,22
339,trexxVIT,276,1.03,200.7,0.99,78%,127.3,0.68,0.50,0.10,0.10,18%,9%,21,187,189,137,27,27
340,CainTorc,258,1.03,193.7,0.98,73%,129.3,0.70,0.37,0.06,0.09,23%,17%,19,181,185,95,16,22
341,NoiaSR,509,1.03,191.0,1.09,74%,129.1,0.69,0.19,0.10,0.10,26%,22%,26,350,321,97,52,53
342,raafaHERO,426,1.03,179.3,1.00,72%,114.9,0.63,0.33,0.06,0.09,26%,18%,25,269,270,139,26,38
343,RetaFLCV,297,1.03,176.6,1.10,71%,124.0,0.68,0.24,0.08,0.09,33%,6%,22,202,184,72,25,27
344,BánhMjRLF,204,1.03,203.8,1.08,74%,129.6,0.76,0.28,0.07,0.11,34%,24%,21,155,144,57,14,23
345,RizaDSG,248,1.03,228.3,1.09,71%,139.1,0.79,0.28,0.06,0.08,23%,6%,30,196,180,70,16,20
346,AlMtRoOo3,347,1.03,201.9,1.06,73%,131.7,0.73,0.37,0.05,0.10,28%,15%,26,252,238,128,19,34
347,FlaringAE,398,1.03,159.3,0.95,77%,102.9,0.57,0.45,0.03,0.05,25%,19%,20,225,237,179,12,20
348,SundayLFG,314,1.03,177.1,1.06,76%,123.7,0.67,0.26,0.04,0.05,28%,13%,28,211,199,83,13,17
349,RieNsTH,391,1.02,198.7,0.97,75%,137.6,0.69,0.33,0.09,0.08,36%,11%,25,269,276,128,34,31
350,Avvix,364,1.02,187.1,0.94,73%,122.9,0.64,0.34,0.08,0.06,30%,15%,19,234,250,123,28,22
351,CudAE,291,1.02,188.7,1.06,76%,122.6,0.68,0.21,0.06,0.10,30%,15%,22,199,187,61,18,30
352,HoaxGRY,390,1.02,178.1,1.02,75%,118.6,0.64,0.41,0.07,0.06,26%,5%,25,249,245,161,29,24
353,BENECIASLT,368,1.02,182.8,1.01,75%,117.9,0.66,0.36,0.06,0.07,23%,18%,29,244,242,132,22,26
354,BuldGN,327,1.02,186.8,0.91,79%,117.8,0.62,0.46,0.09,0.06,24%,14%,21,203,224,150,30,21
355,sonderFLY.R,562,1.02,206.1,0.91,76%,129.7,0.69,0.56,0.09,0.12,26%,12%,23,388,425,313,53,70
356,NicoMachineAK,337,1.02,189.9,0.90,75%,123.4,0.63,0.46,0.08,0.08,25%,17%,21,213,237,156,28,27
357,cbuiSNG,343,1.02,182.0,0.97,73%,121.9,0.64,0.41,0.06,0.05,22%,14%,18,219,226,142,20,16
358,d4v41PRX,562,1.02,193.0,0.97,73%,126.6,0.67,0.38,0.07,0.05,29%,14%,25,377,388,216,40,26
359,cgrsMITH,256,1.02,199.6,1.05,71%,137.9,0.73,0.21,0.05,0.07,34%,29%,28,187,178,55,12,17
360,PetraG2.G,419,1.02,207.3,1.00,71%,136.6,0.70,0.26,0.10,0.15,30%,29%,22,294,293,109,40,63
361,ScarlettGMX.L,488,1.02,218.5,1.04,71%,142.2,0.76,0.23,0.18,0.14,21%,15%,28,371,358,113,88,66
362,XeppaaC9,228,1.02,186.8,0.90,78%,124.0,0.63,0.54,0.07,0.08,27%,35%,26,143,159,123,16,18
363,bztCG,513,1.02,187.8,0.98,71%,127.7,0.66,0.30,0.08,0.05,26%,19%,25,338,344,155,43,27
364,ZauqkBOBO,455,1.02,207.5,1.03,74%,137.7,0.72,0.31,0.08,0.05,23%,11%,29,329,320,139,35,25
365,gloSFU.P,258,1.02,199.8,0.96,71%,135.4,0.70,0.29,0.09,0.05,25%,12%,23,180,188,76,22,14
366,NcSlasherBME,291,1.02,209.8,1.00,77%,142.3,0.71,0.43,0.09,0.08,29%,26%,24,207,207,124,27,23
367,RedKohLESS,398,1.02,189.4,1.01,72%,121.9,0.65,0.24,0.10,0.11,25%,17%,23,257,254,97,40,45
368,VictorNRG,219,1.02,212.0,1.07,68%,139.4,0.76,0.18,0.11,0.06,29%,,30,166,155,39,25,14
369,WinteryrookR8,320,1.02,215.1,1.08,71%,133.6,0.75,0.33,0.12,0.12,29%,25%,28,239,221,105,39,37
370,banTLN,222,1.02,217.8,1.12,69%,140.8,0.77,0.25,0.14,0.12,33%,10%,26,172,154,56,32,26
371,FeeqnOF,300,1.02,209.7,1.05,68%,144.6,0.72,0.24,0.10,0.09,19%,13%,29,217,206,72,29,26
372,MeiyDFM,219,1.02,241.6,1.06,68%,155.3,0.84,0.17,0.19,0.17,26%,10%,29,184,173,37,41,38
373,adversoAK,337,1.02,210.8,1.01,68%,136.1,0.71,0.32,0.12,0.12,21%,17%,19,240,237,108,41,39
374,NeonFG,316,1.01,231.6,1.04,70%,152.6,0.77,0.21,0.20,0.17,25%,23%,27,244,235,67,62,54
375,shionOLP,222,1.01,203.2,1.01,73%,131.8,0.69,0.31,0.09,0.09,23%,20%,24,153,152,68,21,20
376,MAGNUMKC,424,1.01,186.4,0.93,71%,123.0,0.63,0.35,0.09,0.10,24%,21%,18,265,284,147,38,44
377,KibojnMDL,367,1.01,185.2,0.97,72%,120.3,0.66,0.35,0.04,0.05,32%,15%,23,243,250,127,15,18
378,adelanoUG,333,1.01,184.4,0.96,68%,124.4,0.65,0.30,0.08,0.05,25%,11%,26,216,224,99,26,16
379,POISEDTSM,236,1.01,198.9,1.12,74%,135.0,0.72,0.24,0.09,0.07,27%,13%,27,170,152,57,22,16
380,RNDTBK,496,1.01,233.8,1.02,70%,147.7,0.79,0.19,0.18,0.17,17%,24%,25,392,384,94,87,82
381,gloomEZKI,465,1.01,192.4,0.97,72%,122.5,0.67,0.40,0.11,0.10,22%,28%,23,312,323,188,53,45
382,MKIIEDGE,305,1.01,226.5,1.00,70%,154.9,0.76,0.26,0.17,0.14,19%,17%,25,231,230,80,53,44
383,vinessFPT,230,1.01,202.6,1.00,70%,135.7,0.72,0.33,0.10,0.10,25%,9%,24,166,166,75,24,24
384,GuhRVNHERO,426,1.01,174.4,0.94,71%,112.7,0.60,0.36,0.08,0.09,25%,20%,19,254,270,155,35,39
385,Shak0wColo,376,1.01,203.3,1.05,73%,131.1,0.74,0.33,0.08,0.07,27%,11%,38,278,264,124,31,27
386,SugarZ3roZETA,241,1.01,195.8,1.00,75%,120.3,0.69,0.42,0.06,0.07,33%,14%,24,166,166,102,14,17
387,SnowiOF,300,1.01,185.6,1.01,71%,125.2,0.67,0.34,0.06,0.06,28%,18%,26,201,199,102,17,17
388,ZoestolSAD,268,1.01,175.2,0.95,76%,110.8,0.61,0.40,0.05,0.09,22%,13%,17,163,171,108,13,23
389,lovers rock,513,1.01,223.3,1.04,71%,147.1,0.78,0.17,0.17,0.14,22%,21%,32,400,385,86,85,70
390,sevenTSM,236,1.01,204.5,1.01,75%,132.6,0.70,0.40,0.08,0.08,24%,19%,21,166,165,95,18,20
391,lurzy0y0GAL,299,1.01,177.5,1.02,71%,120.5,0.65,0.28,0.07,0.07,31%,19%,22,193,189,84,20,20
392,sheydosKOI,239,1.01,171.8,1.07,75%,113.1,0.64,0.14,0.05,0.05,28%,12%,20,153,143,34,13,13
393,W1nnerGFN,303,1.01,209.7,1.04,69%,140.7,0.74,0.17,0.12,0.13,29%,23%,28,223,214,51,36,38
394,ezkxyz,362,1.01,234.5,1.03,67%,150.6,0.79,0.24,0.12,0.13,18%,11%,26,286,277,88,45,46
395,ZellsisSEN,700,1.01,184.2,0.95,72%,122.1,0.62,0.34,0.06,0.08,18%,17%,23,436,461,240,42,57
396,NidxvilcoMDK,278,1.01,181.1,1.02,73%,117.9,0.67,0.30,0.08,0.08,27%,28%,22,185,181,84,23,22
397,ExiTTwis,521,1.01,219.9,1.06,70%,144.1,0.78,0.21,0.12,0.12,25%,10%,33,407,384,107,61,61
398,cauanzinLOUD,534,1.01,207.2,1.01,74%,132.9,0.72,0.29,0.10,0.09,26%,12%,22,387,385,155,54,50
399,XXiFQOR,201,1.01,176.6,1.08,73%,123.9,0.67,0.25,0.05,0.06,26%,8%,20,134,124,50,11,12
400,mal,258,1.01,216.3,1.09,67%,145.1,0.76,0.14,0.07,0.06,30%,14%,23,197,181,35,17,15
401,BiggieCheeseAIC,447,1.01,197.6,1.00,69%,134.0,0.68,0.28,0.08,0.10,29%,19%,22,306,307,127,34,46
402,rezqG2.G,419,1.01,224.2,1.04,69%,147.6,0.76,0.22,0.16,0.16,24%,19%,21,320,308,93,68,67
403,MarvedNRG,219,1.01,200.0,1.03,68%,132.0,0.69,0.26,0.09,0.11,29%,26%,21,152,147,57,19,25
404,NaturEEG,280,1.01,199.7,0.98,69%,132.5,0.69,0.37,0.05,0.06,32%,12%,24,192,195,104,15,18
405,ZyppanNAVI,227,1.01,224.2,1.02,75%,149.0,0.76,0.26,0.17,0.13,26%,29%,20,172,169,60,38,30
406,texLEV,230,1.00,176.9,1.01,75%,116.0,0.61,0.19,0.13,0.09,35%,,22,140,139,43,31,21
407,JessieVashTS,338,1.00,193.3,1.01,72%,129.5,0.68,0.33,0.07,0.06,28%,14%,26,230,228,113,23,20
408,richzinLGCY,419,1.00,184.8,0.97,72%,127.1,0.63,0.27,0.07,0.08,30%,14%,19,264,272,113,30,33
409,Dizzy,205,1.00,204.0,0.99,69%,134.9,0.71,0.29,0.07,0.12,29%,25%,19,146,147,60,15,24
410,JayHDSG,248,1.00,191.2,0.90,73%,122.4,0.64,0.44,0.04,0.09,24%,12%,22,159,177,109,11,22
411,MiloooRLF,204,1.00,195.0,0.99,72%,131.6,0.68,0.30,0.06,0.11,30%,11%,18,139,140,61,13,23
412,YamzzIFL.GC,277,1.00,180.4,1.03,73%,121.0,0.66,0.37,0.08,0.07,34%,16%,21,182,177,103,22,20
413,xiTshaDIA,290,1.00,207.4,1.00,72%,132.0,0.73,0.30,0.08,0.11,29%,21%,23,212,212,86,24,33
414,SyouTaFL,400,1.00,229.2,1.06,67%,152.8,0.81,0.17,0.17,0.20,26%,31%,30,323,305,66,66,79
415,KanpekiTWT,260,1.00,202.9,1.07,72%,137.1,0.72,0.34,0.08,0.10,27%,19%,22,187,175,89,20,26
416,GangPinRC,253,1.00,179.5,0.93,72%,120.5,0.60,0.37,0.05,0.06,29%,11%,21,153,165,94,13,14
417,NeloKC.GC,364,1.00,208.3,1.03,74%,134.3,0.73,0.20,0.11,0.09,28%,11%,34,266,258,72,41,34
418,AutumnFPX,206,1.00,219.1,1.06,69%,154.5,0.77,0.21,0.22,0.08,28%,33%,25,158,149,43,19,7
419,ZmjjKKEDG,349,1.00,262.5,1.20,69%,164.3,0.91,0.24,0.19,0.11,25%,14%,30,318,265,85,29,17
420,tdawggQOR,201,1.00,203.7,0.98,71%,136.1,0.70,0.37,0.10,0.11,20%,13%,25,141,144,75,21,22
421,biazikKRÜ.B,211,1.00,196.8,1.00,76%,127.9,0.69,0.36,0.09,0.08,24%,14%,26,146,146,75,19,17
422,exemptRNP,243,1.00,172.3,0.93,73%,108.9,0.62,0.42,0.03,0.02,33%,15%,19,150,161,103,7,6
423,VYXFCN,336,1.00,183.1,0.89,71%,119.3,0.60,0.45,0.05,0.08,21%,4%,22,203,229,151,18,27
424,ReverieKZ,210,1.00,195.3,0.98,72%,129.6,0.69,0.37,0.08,0.04,26%,9%,21,145,148,77,17,8
425,nitr0M80,216,1.00,181.9,0.93,71%,119.0,0.62,0.25,0.09,0.09,21%,16%,20,134,144,55,19,20
426,JerkWU,324,1.00,190.6,1.05,70%,128.6,0.69,0.21,0.07,0.06,19%,18%,25,222,212,67,23,19
427,flyuhMxS,203,1.00,162.5,0.94,76%,105.8,0.58,0.39,0.06,0.04,28%,,20,118,125,79,12,9
428,Alucard,362,1.00,173.6,0.89,73%,120.3,0.59,0.33,0.06,0.07,24%,13%,20,214,240,119,21,24
429,waleedUG,347,1.00,180.3,1.00,75%,119.3,0.66,0.35,0.04,0.06,38%,11%,23,229,229,123,14,22
430,roodGLRS,375,1.00,167.4,0.94,70%,116.1,0.57,0.21,0.07,0.06,22%,19%,20,213,227,80,25,23
431,OuTLaWSA,517,1.00,181.3,1.03,72%,123.3,0.68,0.27,0.08,0.06,34%,16%,28,352,341,142,40,32
432,EvilkykGLRS,325,1.00,172.3,0.91,73%,117.2,0.61,0.38,0.05,0.06,29%,27%,25,198,218,122,15,20
433,Zap2G,434,0.99,196.7,1.01,70%,139.6,0.68,0.22,0.08,0.07,28%,14%,30,295,292,97,33,31
434,nessGX.GC,426,0.99,194.3,0.96,74%,131.3,0.67,0.31,0.08,0.08,28%,11%,27,285,296,133,36,32
435,AllukaRRQ.K,311,0.99,169.9,0.84,73%,110.0,0.57,0.56,0.04,0.05,24%,10%,17,176,209,174,11,16
436,MovesLFG,314,0.99,187.4,0.93,73%,128.0,0.62,0.32,0.10,0.10,24%,15%,19,195,209,99,30,31
437,ZachKappaCHCH,513,0.99,184.0,1.00,72%,124.9,0.66,0.31,0.06,0.08,31%,11%,25,341,340,158,33,41
438,MeteorGEN,654,0.99,214.6,1.07,70%,143.4,0.77,0.16,0.11,0.11,29%,12%,24,504,472,105,75,69
439,KingDRGN,360,0.99,210.2,0.97,71%,140.7,0.71,0.35,0.08,0.09,20%,10%,26,256,265,125,28,34
440,speedowkaKC.GC,364,0.99,196.6,0.98,72%,128.2,0.71,0.36,0.09,0.08,33%,23%,26,257,262,132,33,30
441,KuripuuyaKC.GC,364,0.99,181.1,0.92,68%,122.4,0.62,0.32,0.08,0.06,26%,16%,24,226,246,117,29,22
442,didiiMDK,278,0.99,182.5,0.94,73%,122.7,0.65,0.44,0.06,0.07,24%,11%,21,181,192,123,16,19
443,ray4cAE,291,0.99,224.4,1.03,75%,142.3,0.76,0.22,0.12,0.14,11%,21%,26,220,214,63,35,40
444,SevkaanIrre,216,0.99,218.1,1.07,67%,145.6,0.78,0.17,0.11,0.10,28%,17%,25,169,158,37,23,22
445,ManggongSRP,200,0.99,183.8,0.91,72%,119.5,0.65,0.31,0.06,0.07,31%,17%,25,129,141,62,11,14
446,starxoKOI,239,0.99,190.3,0.93,75%,123.4,0.65,0.48,0.10,0.11,23%,19%,25,156,168,115,23,26
447,ParadoxRVNT,343,0.99,198.8,1.06,71%,129.1,0.73,0.23,0.10,0.10,26%,15%,25,252,237,79,34,36
448,CLZFL,400,0.99,193.2,0.93,73%,123.7,0.67,0.32,0.05,0.08,29%,17%,24,269,288,128,20,31
449,AnqRGES,212,0.99,210.2,1.02,64%,140.1,0.72,0.13,0.13,0.12,29%,18%,25,153,150,27,28,26
450,songryxyz,362,0.99,198.5,0.94,70%,128.8,0.69,0.40,0.10,0.11,29%,6%,28,250,267,146,38,39
451,iZuT1,329,0.99,188.4,0.92,71%,124.2,0.66,0.38,0.10,0.11,28%,24%,26,218,237,124,34,35
452,sayooGRY,390,0.99,188.1,0.97,73%,126.1,0.67,0.21,0.11,0.09,26%,14%,21,261,269,83,44,35
453,deNaroRED,496,0.99,168.4,0.87,73%,109.7,0.58,0.34,0.06,0.07,24%,21%,21,286,327,169,29,36
454,RussGE,244,0.99,188.8,0.99,72%,122.0,0.68,0.30,0.08,0.09,42%,24%,21,165,167,73,19,21
455,misuPAW,512,0.99,195.7,0.94,71%,128.8,0.68,0.34,0.05,0.07,23%,19%,24,347,369,176,26,35
456,clutchyyMc,221,0.99,218.7,1.03,74%,146.7,0.76,0.25,0.11,0.10,26%,5%,27,169,164,55,25,21
457,noumitKOPF,301,0.99,182.1,0.97,66%,125.5,0.64,0.20,0.07,0.06,21%,18%,24,193,198,59,21,18
458,sh1nKC,424,0.98,172.4,0.95,77%,107.8,0.62,0.38,0.06,0.07,28%,10%,22,263,277,163,27,29
459,raymenAZN,518,0.98,192.9,1.01,73%,132.6,0.69,0.22,0.05,0.05,26%,13%,26,357,355,116,26,24
460,PaincakesTWT,260,0.98,196.5,0.96,68%,125.9,0.68,0.32,0.09,0.10,35%,15%,31,178,186,83,23,27
461,gloveeGAL,370,0.98,180.9,0.92,73%,117.1,0.62,0.36,0.08,0.10,22%,9%,21,230,250,134,28,38
462,Add3rTTR,272,0.98,181.7,0.93,68%,122.3,0.65,0.25,0.07,0.09,32%,11%,19,176,189,69,20,24
463,satelliteVLYN,225,0.98,206.9,0.99,71%,137.7,0.72,0.19,0.22,0.17,21%,7%,20,161,163,42,50,38
464,globeXCHCH,513,0.98,188.6,0.95,72%,125.9,0.67,0.35,0.09,0.09,26%,10%,28,343,362,177,47,48
465,Noor,555,0.98,173.4,0.95,72%,116.2,0.62,0.32,0.06,0.08,27%,24%,24,345,362,178,34,44
466,SmoggyEDG,349,0.98,206.7,1.17,73%,127.9,0.76,0.34,0.09,0.06,29%,11%,24,265,227,119,14,9
467,AryuTRS,396,0.98,182.4,0.98,71%,128.2,0.66,0.17,0.06,0.09,26%,11%,25,261,267,68,22,35
468,ANGE1NAVI,227,0.98,191.5,0.95,69%,126.6,0.67,0.30,0.12,0.10,33%,8%,25,153,161,68,27,23
469,kevFish,262,0.98,224.7,1.08,70%,141.4,0.79,0.16,0.16,0.15,25%,16%,27,208,192,42,43,38
470,Demon1NRG,219,0.98,204.1,0.95,71%,140.5,0.70,0.19,0.18,0.19,37%,16%,21,154,162,41,40,41
471,pryze2G,434,0.98,175.8,0.92,74%,118.8,0.61,0.34,0.06,0.06,22%,16%,22,266,290,147,25,28
472,6sonyaO1O,313,0.98,178.9,0.91,72%,122.8,0.63,0.34,0.11,0.09,23%,14%,24,198,218,107,33,28
473,ExcaliMDL,367,0.98,208.8,0.95,65%,139.6,0.73,0.19,0.14,0.14,31%,3%,25,269,282,70,52,53
474,JiniHEIZ,301,0.98,188.5,0.96,71%,126.2,0.67,0.27,0.05,0.09,26%,14%,20,201,210,81,15,28
475,UrangoGLRS,375,0.98,206.9,0.95,68%,137.7,0.72,0.30,0.10,0.13,30%,20%,26,270,284,114,39,50
476,evvYFP,209,0.98,224.8,1.04,74%,147.9,0.79,0.30,0.09,0.09,35%,14%,27,166,160,62,19,19
477,MatrixxFKS,237,0.98,189.9,0.94,74%,124.6,0.65,0.34,0.06,0.04,31%,10%,20,155,165,80,15,10
478,Tuli9z,288,0.98,214.0,1.04,69%,144.9,0.76,0.14,0.17,0.19,30%,10%,29,218,210,41,49,54
479,CloudGX,281,0.98,192.0,1.00,71%,127.9,0.70,0.26,0.08,0.06,24%,10%,26,196,196,73,22,16
480,Pa1zeDIA,290,0.98,229.2,1.00,67%,149.9,0.79,0.17,0.17,0.22,23%,13%,29,228,229,50,49,64
481,rawfiulMLT,244,0.98,174.4,0.88,69%,118.5,0.60,0.36,0.06,0.09,32%,9%,18,146,165,89,15,23
482,NearUNT,290,0.98,195.9,1.00,69%,123.1,0.70,0.21,0.07,0.06,26%,9%,21,204,204,61,19,18
483,ImpactSLT,308,0.97,207.8,1.00,69%,135.9,0.76,0.21,0.15,0.11,35%,21%,23,233,234,65,45,33
484,ting2k5FPT,230,0.97,194.7,1.01,69%,130.9,0.73,0.14,0.13,0.16,29%,20%,28,167,165,33,31,36
485,emluoPAW,512,0.97,199.3,0.97,70%,130.4,0.71,0.29,0.09,0.08,40%,19%,22,363,373,151,44,43
486,daprSEN,218,0.97,190.0,0.91,72%,128.9,0.62,0.32,0.06,0.09,20%,6%,28,136,150,69,12,19
487,tesseractMLT,244,0.97,210.6,1.03,69%,138.5,0.75,0.22,0.10,0.12,29%,11%,26,182,176,54,24,29
488,vAgueUNT,359,0.97,232.5,1.05,65%,149.2,0.84,0.13,0.19,0.22,34%,16%,31,300,287,46,69,79
489,GovernorTLN,222,0.97,203.0,1.01,68%,133.8,0.71,0.14,0.15,0.17,26%,27%,21,157,155,31,34,37
490,JustnatioNNUNT,325,0.97,199.0,0.98,68%,124.0,0.71,0.33,0.13,0.10,23%,11%,28,231,236,108,41,31
491,yiinelFish,330,0.97,175.2,0.89,71%,116.8,0.61,0.33,0.08,0.09,28%,18%,24,202,228,109,25,28
492,SacySEN,700,0.97,178.5,0.90,73%,117.9,0.61,0.38,0.06,0.08,27%,12%,23,428,474,269,45,57
493,KarraFLY.R,232,0.97,181.3,0.89,74%,122.5,0.60,0.31,0.08,0.06,35%,16%,19,140,158,71,18,14
494,westsideDIA,290,0.97,190.2,1.04,71%,130.0,0.71,0.17,0.06,0.06,35%,26%,26,205,198,50,17,18
495,SerialKillerAimb,513,0.97,212.9,1.02,70%,142.9,0.76,0.18,0.12,0.11,39%,9%,31,391,383,91,63,56
496,skyppervzFG,316,0.97,174.8,0.94,71%,118.4,0.60,0.37,0.07,0.11,34%,17%,24,190,203,116,22,34
497,matrixKC.GC,364,0.97,214.1,0.99,69%,142.1,0.75,0.16,0.18,0.17,34%,21%,26,273,277,59,66,61
498,TiceySNS,244,0.97,216.3,0.91,70%,147.1,0.71,0.24,0.17,0.19,17%,4%,22,174,191,58,41,46
499,CreamydreamySNS,244,0.97,185.2,0.89,70%,122.3,0.66,0.43,0.08,0.06,29%,8%,22,160,180,104,19,14
500,YotaaAKR,240,0.97,205.0,1.06,65%,139.1,0.75,0.13,0.13,0.15,28%,23%,25,181,170,32,31,36
501,maestr0XLD,302,0.97,208.4,1.01,64%,140.7,0.75,0.22,0.08,0.09,30%,14%,24,226,223,67,24,28
502,RexonEYG,307,0.97,190.9,1.00,72%,126.9,0.69,0.25,0.07,0.07,25%,6%,23,212,212,76,22,23
503,nihggoVENI,266,0.97,214.2,0.98,71%,144.2,0.74,0.25,0.09,0.13,26%,19%,33,198,202,67,23,34
504,gioFG,316,0.97,178.7,0.95,67%,122.1,0.65,0.20,0.08,0.05,31%,15%,21,204,214,63,25,17
505,SacakeVLNT,207,0.97,186.9,0.91,70%,131.1,0.64,0.29,0.10,0.09,27%,10%,25,132,145,60,20,19
506,A1mlyUG,597,0.97,208.9,0.98,68%,141.1,0.74,0.18,0.11,0.12,35%,22%,32,440,448,107,65,74
507,RYRYARC,240,0.97,220.5,1.02,66%,147.9,0.76,0.21,0.11,0.11,23%,4%,25,182,179,50,26,27
508,appAKOPF,301,0.97,215.9,1.04,66%,143.7,0.78,0.18,0.16,0.15,26%,4%,29,235,226,53,47,45
509,seph1rothMITH,256,0.97,181.6,0.96,68%,125.3,0.66,0.22,0.06,0.09,37%,28%,27,170,177,56,15,24
510,ExirstEDGE,305,0.97,204.1,0.95,69%,136.9,0.71,0.17,0.11,0.10,28%,11%,26,217,229,51,33,32
511,lz2G,434,0.97,182.9,0.94,69%,118.3,0.64,0.29,0.08,0.10,37%,23%,20,276,294,124,34,43
512,qw1FF,243,0.97,209.0,1.06,67%,132.0,0.77,0.15,0.16,0.20,28%,14%,23,186,175,36,40,49
513,DivineSGP,274,0.96,186.0,0.90,73%,121.1,0.63,0.41,0.08,0.07,26%,7%,24,173,192,112,23,18
514,aprotoTSM,236,0.96,184.8,1.00,69%,125.7,0.68,0.15,0.03,0.06,42%,18%,20,160,160,36,8,13
515,xccurateT1,329,0.96,178.2,1.02,72%,119.3,0.68,0.16,0.07,0.08,27%,9%,21,225,221,53,23,25
516,XanLZE,274,0.96,212.7,1.00,70%,139.3,0.76,0.20,0.14,0.15,25%,22%,23,207,208,56,38,40
517,AtaKaptanFUT,216,0.96,183.6,0.86,70%,119.7,0.62,0.41,0.09,0.11,24%,15%,19,133,155,89,20,24
518,DepyroGMX,276,0.96,194.9,0.86,69%,131.0,0.64,0.40,0.08,0.09,17%,7%,24,178,208,110,22,25
519,KaoticccSaD,222,0.96,231.5,1.05,69%,148.2,0.82,0.14,0.21,0.18,21%,14%,24,181,173,30,47,41
520,SandraGK,625,0.96,181.9,0.90,69%,119.0,0.63,0.27,0.08,0.07,35%,14%,24,393,437,168,50,43
521,KeikoTL,213,0.96,214.8,1.03,67%,142.3,0.76,0.21,0.18,0.17,29%,14%,25,162,158,45,39,37
522,YunoVENI,204,0.96,227.3,1.00,68%,150.5,0.80,0.18,0.20,0.20,32%,27%,28,164,164,36,41,40
523,CTCRED,308,0.96,188.2,1.02,74%,120.2,0.66,0.19,0.07,0.08,24%,16%,22,203,199,58,21,24
524,NeFiPRZ,209,0.96,183.9,0.88,67%,123.5,0.61,0.33,0.05,0.09,29%,4%,26,128,146,68,11,18
525,sayuriMIBR,285,0.96,157.6,0.79,74%,101.4,0.52,0.51,0.05,0.05,18%,8%,16,147,187,145,15,14
526,LBYRGES,212,0.96,190.3,0.90,67%,129.8,0.65,0.28,0.06,0.07,38%,18%,27,138,154,59,13,15
527,runneRVIT,276,0.96,225.2,1.00,68%,146.9,0.75,0.25,0.17,0.21,18%,18%,23,208,209,70,46,58
528,Fit1nhoGX,281,0.96,191.4,0.90,70%,128.3,0.64,0.27,0.10,0.10,32%,7%,21,179,198,77,28,29
529,LuzuhOVA,216,0.96,211.2,1.01,68%,138.8,0.76,0.13,0.22,0.19,22%,9%,22,165,163,27,48,41
530,skillZRVNT,292,0.96,183.9,1.00,71%,121.7,0.66,0.27,0.05,0.08,26%,19%,26,194,194,78,16,23
531,Elab0rateSols,249,0.96,211.2,0.95,67%,140.2,0.71,0.20,0.09,0.09,18%,7%,26,178,187,49,22,22
532,KssarVIS,423,0.96,218.7,0.96,66%,147.0,0.74,0.18,0.18,0.17,25%,3%,26,313,327,78,78,74
533,ElixlloGK,364,0.96,202.7,0.96,70%,135.8,0.68,0.25,0.05,0.10,30%,19%,21,248,259,92,19,37
534,FamzzamSNS,244,0.96,180.9,0.97,70%,114.2,0.66,0.26,0.06,0.07,23%,15%,22,160,165,63,15,16
535,fausTaoARF,272,0.96,228.7,0.96,67%,152.4,0.77,0.19,0.19,0.16,25%,29%,27,209,218,52,53,44
536,PainIluZ,216,0.96,171.6,0.96,74%,116.5,0.61,0.35,0.04,0.05,31%,24%,19,132,138,76,9,11
537,KlausKRÜ,211,0.96,175.9,0.88,76%,116.3,0.59,0.33,0.11,0.09,23%,14%,16,125,142,69,23,20
538,BLOD,325,0.95,206.3,0.91,68%,139.0,0.70,0.33,0.11,0.10,31%,12%,25,229,251,108,35,34
539,NahsieWU,324,0.95,178.1,0.88,71%,119.1,0.64,0.47,0.06,0.10,28%,17%,24,207,234,151,18,32
540,infTM,210,0.95,190.9,1.01,66%,129.3,0.70,0.13,0.12,0.10,24%,15%,27,148,147,28,26,21
541,snarly,201,0.95,177.8,0.88,72%,126.4,0.62,0.47,0.08,0.09,31%,22%,22,124,141,94,16,18
542,brock,202,0.95,204.8,0.89,66%,137.4,0.68,0.32,0.12,0.12,21%,8%,25,138,155,65,25,24
543,sacredYFP,222,0.95,198.6,0.96,67%,133.7,0.71,0.23,0.10,0.09,36%,16%,24,158,164,52,23,21
544,nerveQOR,201,0.95,172.1,0.92,74%,112.3,0.60,0.41,0.04,0.05,22%,32%,21,121,132,82,8,11
545,SmurfetteGX.GC,426,0.95,206.6,0.95,68%,139.3,0.73,0.18,0.16,0.18,26%,12%,29,313,328,78,69,78
546,NDGTS,338,0.95,187.4,0.94,70%,122.3,0.67,0.23,0.09,0.06,24%,6%,22,227,242,77,31,19
547,forbanzXLD,302,0.95,215.9,0.95,68%,147.3,0.74,0.19,0.15,0.15,22%,7%,27,224,235,58,44,46
548,askooColo,376,0.95,183.1,0.86,72%,116.5,0.65,0.42,0.07,0.08,28%,6%,25,245,284,157,25,31
549,ZachaREEECB,261,0.95,201.0,0.95,66%,134.6,0.72,0.20,0.09,0.13,25%,17%,24,189,198,53,24,34
550,AustralisFT S,247,0.95,198.0,0.94,70%,136.6,0.71,0.30,0.12,0.11,24%,21%,26,176,187,75,29,28
551,nAtsTL,213,0.95,196.5,1.02,72%,130.7,0.70,0.24,0.08,0.09,28%,14%,21,149,146,52,16,19
552,GunterR,205,0.95,191.2,0.89,68%,125.0,0.65,0.31,0.09,0.08,34%,12%,23,134,151,64,19,16
553,N A I SGMT,276,0.95,177.2,1.00,67%,120.1,0.67,0.13,0.08,0.07,25%,15%,27,185,185,35,22,18
554,hypathorOF,231,0.95,177.5,0.85,66%,118.8,0.58,0.35,0.08,0.12,21%,24%,19,135,159,80,18,27
555,JuicyDSG,248,0.95,212.0,1.01,67%,131.9,0.73,0.17,0.19,0.21,20%,25%,21,182,181,41,46,53
556,benjiithe,307,0.95,186.6,0.94,65%,125.7,0.67,0.21,0.09,0.09,21%,15%,21,206,218,65,28,27
557,shelbyNEBG,535,0.95,187.1,0.99,70%,124.1,0.67,0.19,0.07,0.07,29%,9%,24,359,364,104,39,37
558,budimeisteRBME,291,0.95,177.8,0.89,77%,114.5,0.61,0.43,0.07,0.05,30%,13%,23,177,198,124,19,16
559,xelouzUNT,359,0.95,173.4,0.85,75%,114.3,0.58,0.44,0.03,0.02,27%,20%,18,209,245,158,9,8
560,demek,209,0.95,223.9,1.01,64%,154.1,0.79,0.12,0.19,0.17,27%,,32,166,165,26,40,36
561,55EEJDG,204,0.95,226.8,1.06,68%,149.5,0.82,0.10,0.23,0.17,32%,10%,24,168,159,21,46,34
562,DerrekEG,280,0.95,183.2,0.95,68%,124.6,0.66,0.27,0.05,0.04,33%,20%,26,184,194,76,13,12
563,msh,209,0.95,196.6,1.01,63%,138.6,0.73,0.15,0.08,0.10,37%,10%,30,152,151,32,16,20
564,WavySRP,200,0.95,181.4,0.89,72%,117.4,0.64,0.42,0.07,0.12,20%,19%,23,128,144,84,13,23
565,LouitanOVA,216,0.95,204.7,0.96,69%,128.6,0.72,0.21,0.09,0.13,25%,25%,23,156,162,46,19,27
566,thiefYFP,201,0.94,170.3,0.89,70%,114.5,0.62,0.35,0.06,0.05,29%,19%,25,125,141,70,12,11
567,arcaea,216,0.94,169.8,0.96,70%,111.8,0.64,0.37,0.05,0.07,30%,21%,30,139,145,79,11,16
568,DisisJohnFKS,237,0.94,199.0,0.91,67%,135.5,0.70,0.16,0.19,0.17,27%,,24,166,183,39,46,40
569,symTSM,236,0.94,219.3,0.96,67%,147.1,0.75,0.22,0.20,0.19,27%,14%,24,177,184,51,47,46
570,drakoNzLGCY,419,0.94,176.9,0.89,68%,118.4,0.62,0.32,0.07,0.10,31%,13%,30,258,290,136,31,40
571,ion2xTOR,238,0.94,211.0,1.01,70%,140.4,0.76,0.20,0.17,0.13,27%,11%,27,180,178,47,41,32
572,CurumiFL.GC,277,0.94,188.3,0.88,69%,118.4,0.63,0.40,0.11,0.08,20%,17%,23,175,200,110,30,22
573,Pa1ntFCN,272,0.94,223.1,0.96,68%,144.5,0.76,0.18,0.22,0.19,24%,22%,26,208,216,49,61,51
574,KongiNXT,307,0.94,186.0,0.95,68%,134.5,0.67,0.26,0.07,0.08,28%,23%,24,205,215,80,23,26
575,NXBLETAMU,225,0.94,184.8,0.91,72%,120.0,0.65,0.31,0.10,0.08,25%,9%,20,147,161,69,23,19
576,PoetiteSurr,555,0.94,181.6,0.87,71%,119.4,0.63,0.35,0.09,0.12,27%,12%,27,350,403,196,51,68
577,XhowiMR,289,0.94,196.0,0.97,66%,128.5,0.69,0.19,0.09,0.12,38%,12%,24,199,206,55,23,32
578,xannSNG,512,0.94,244.4,1.00,67%,163.6,0.82,0.20,0.22,0.21,29%,10%,28,422,422,104,114,109
579,neptuneTWT,260,0.94,192.3,0.88,73%,121.5,0.67,0.43,0.10,0.08,27%,10%,21,175,200,112,25,20
580,SEIDERFKS,237,0.94,158.1,0.89,71%,103.7,0.57,0.34,0.05,0.10,35%,20%,20,134,151,81,11,23
581,DaFtVIC,204,0.94,214.5,0.96,69%,144.9,0.74,0.26,0.13,0.17,22%,7%,26,150,156,53,26,34
582,mindfreakPRX,562,0.94,177.8,0.95,70%,118.8,0.64,0.28,0.04,0.08,35%,7%,26,361,381,158,22,46
583,vltDRGN,360,0.94,210.1,0.95,64%,136.3,0.75,0.17,0.13,0.14,30%,19%,23,269,284,60,47,50
584,izanaColo,376,0.94,161.8,0.91,73%,109.0,0.59,0.18,0.07,0.08,24%,11%,25,222,244,67,28,30
585,RvKRGES,212,0.94,188.2,0.83,66%,132.2,0.64,0.29,0.09,0.11,37%,19%,23,136,163,61,19,24
586,vanityC9,228,0.94,169.3,0.84,74%,111.3,0.58,0.43,0.09,0.10,21%,14%,17,132,157,99,20,22
587,DARKMEC,202,0.94,211.2,0.96,61%,137.8,0.74,0.15,0.14,0.18,26%,21%,31,150,156,30,29,37
588,ZKMU,233,0.94,178.5,0.91,72%,119.4,0.64,0.32,0.03,0.06,38%,16%,20,149,163,74,7,15
589,MuzzBOBO,455,0.94,183.3,0.95,67%,125.0,0.65,0.21,0.07,0.11,30%,19%,26,297,314,95,33,50
590,vinaJFT,518,0.94,179.8,0.84,69%,117.9,0.61,0.36,0.09,0.09,28%,11%,22,316,374,188,47,46
591,KntzMITH,256,0.93,175.2,0.87,71%,116.0,0.61,0.35,0.09,0.05,24%,12%,23,156,179,89,23,14
592,kamoKOI,239,0.93,211.9,0.91,66%,136.9,0.72,0.14,0.19,0.18,30%,22%,25,173,191,34,45,42
593,karieSNG,512,0.93,199.2,0.97,69%,132.8,0.71,0.19,0.07,0.07,27%,13%,21,365,378,97,37,35
594,chiwaACE,223,0.93,180.2,0.90,68%,123.3,0.64,0.20,0.07,0.06,26%,17%,24,142,157,44,16,13
595,BooTH,391,0.93,161.8,0.84,71%,103.7,0.57,0.42,0.07,0.08,33%,11%,23,224,266,163,28,32
596,risePAW,512,0.93,168.2,0.84,74%,112.3,0.59,0.45,0.06,0.08,25%,16%,22,304,360,229,30,39
597,mooseC9,228,0.93,163.8,0.92,72%,111.1,0.58,0.20,0.05,0.04,22%,18%,19,133,145,46,11,10
598,pashalime,272,0.93,196.2,0.91,68%,133.1,0.67,0.32,0.07,0.11,23%,14%,24,183,201,86,18,29
599,hellffTRS,396,0.93,178.3,0.85,69%,120.7,0.61,0.31,0.09,0.05,28%,6%,25,241,285,122,36,21
600,YaBoiLewisFKS,237,0.93,220.1,1.00,74%,148.5,0.80,0.21,0.13,0.13,36%,19%,34,190,190,50,30,30
601,ceNderVIT,276,0.93,181.1,0.90,70%,126.3,0.63,0.33,0.08,0.08,26%,10%,23,175,194,91,21,23
602,Mikey TapFG,316,0.93,178.7,0.91,68%,117.0,0.66,0.34,0.07,0.06,33%,10%,20,208,229,108,23,18
603,iBrockyKRAKEN,202,0.93,175.6,0.91,70%,122.5,0.59,0.26,0.05,0.08,21%,12%,20,120,132,52,10,16
604,FREYLZE,274,0.93,180.8,0.95,70%,118.7,0.66,0.18,0.11,0.04,26%,18%,21,180,190,48,30,12
605,Sadeem,341,0.93,188.9,0.96,65%,127.1,0.70,0.22,0.06,0.07,30%,11%,25,238,249,76,21,23
606,SpockiBloo,307,0.93,187.0,0.89,72%,122.1,0.67,0.30,0.08,0.07,37%,24%,28,205,230,93,26,23
607,swagLGCY,419,0.92,165.7,0.86,71%,112.7,0.57,0.21,0.07,0.09,23%,11%,20,238,277,87,29,36
608,CrunchyBOBO,250,0.92,185.8,0.87,69%,123.5,0.64,0.32,0.11,0.12,30%,,21,160,183,81,28,30
609,DazllyVIS,423,0.92,199.3,0.96,65%,138.2,0.71,0.17,0.09,0.09,27%,10%,22,301,315,74,38,38
610,AngeMAD,261,0.92,188.9,0.82,71%,120.6,0.61,0.30,0.08,0.07,22%,14%,17,160,195,79,20,18
611,TempoSNS,244,0.92,196.7,0.92,65%,129.0,0.68,0.20,0.12,0.10,29%,14%,22,166,181,48,30,24
612,AphunSNS,244,0.92,172.1,0.78,69%,108.1,0.58,0.44,0.07,0.09,19%,,18,141,180,107,18,21
613,InumoVCTRY,272,0.92,188.2,0.92,69%,122.6,0.66,0.23,0.07,0.08,28%,3%,24,180,195,62,18,23
614,sarahGX.GC,426,0.92,172.2,0.87,72%,108.7,0.62,0.35,0.06,0.05,35%,17%,24,262,301,150,25,23
615,DanoFSX,201,0.92,188.2,0.85,71%,125.6,0.61,0.47,0.03,0.06,26%,12%,18,123,145,95,7,12
616,CemGHR,385,0.92,195.7,0.88,65%,129.8,0.67,0.31,0.07,0.09,25%,14%,24,258,292,118,28,35
617,AntidoteMLT,244,0.92,177.5,0.99,71%,118.8,0.66,0.18,0.06,0.08,28%,16%,24,162,163,44,15,19
618,LifeFPX,206,0.92,268.0,1.30,64%,157.6,0.96,0.18,0.15,0.15,39%,33%,28,197,152,38,13,13
619,kadiriARC,240,0.92,211.7,0.91,65%,138.0,0.72,0.16,0.14,0.13,31%,20%,25,173,191,38,34,30
620,C0MLEV,230,0.92,157.3,0.79,75%,103.4,0.51,0.30,0.10,0.09,20%,23%,17,117,148,69,22,21
621,Rags2RichesKTS,202,0.92,186.0,0.83,69%,120.7,0.63,0.38,0.08,0.07,26%,18%,20,127,153,76,16,15
622,adenqtARF,283,0.92,203.1,0.89,68%,130.9,0.67,0.31,0.07,0.11,22%,15%,24,191,214,89,21,32
623,jubsMIBR,285,0.92,161.7,0.93,67%,109.7,0.59,0.21,0.06,0.07,23%,16%,18,168,181,61,18,20
624,AndersinBTR,205,0.92,183.8,0.85,69%,121.9,0.62,0.31,0.09,0.09,21%,16%,18,128,150,64,19,19
625,Hakka,209,0.92,161.8,0.84,71%,111.1,0.56,0.28,0.06,0.05,35%,14%,17,117,139,59,12,11
626,NatashaCARA,247,0.92,196.3,1.01,66%,136.3,0.71,0.18,0.09,0.07,38%,9%,31,176,175,45,22,17
627,kAzooTwis,521,0.92,182.3,0.91,69%,118.6,0.66,0.25,0.07,0.13,38%,8%,25,342,376,128,37,67
628,jawgemoEG,280,0.92,217.4,0.94,63%,146.2,0.73,0.15,0.16,0.14,20%,14%,29,205,218,41,46,40
629,theiaFLY.R,542,0.92,150.8,0.79,71%,99.0,0.53,0.40,0.04,0.11,25%,26%,23,286,361,217,24,61
630,UnhappyROA,205,0.92,184.6,0.95,71%,127.1,0.67,0.19,0.09,0.04,26%,17%,20,137,144,38,18,8
631,Caucasus,277,0.92,167.6,0.85,73%,109.5,0.58,0.37,0.06,0.06,24%,6%,22,162,191,103,18,16
632,pryxiNXT,301,0.91,212.3,0.95,64%,138.7,0.76,0.19,0.15,0.15,28%,17%,27,229,242,58,44,44
633,gucc107VLYN,324,0.91,180.1,0.84,71%,122.3,0.60,0.41,0.05,0.05,21%,24%,19,196,234,132,17,16
634,saadhakLOUD,534,0.91,189.9,0.87,70%,127.7,0.62,0.37,0.09,0.13,20%,17%,23,332,382,195,49,68
635,GONFL,400,0.91,177.8,0.87,71%,120.4,0.63,0.37,0.07,0.07,25%,4%,37,253,290,148,28,28
636,CrwsTLN,222,0.91,151.3,0.88,69%,101.7,0.55,0.26,0.04,0.05,26%,13%,17,122,139,57,9,12
637,PyroMIND,226,0.91,190.1,0.85,67%,128.5,0.65,0.24,0.08,0.10,19%,25%,28,148,174,54,18,22
638,nicksz,535,0.91,171.0,0.84,74%,113.6,0.60,0.36,0.09,0.08,24%,20%,24,319,379,190,46,44
639,QuickLOUD,534,0.91,206.6,0.95,65%,134.6,0.73,0.15,0.16,0.17,29%,16%,27,388,410,80,87,91
640,moobsWU,324,0.91,192.1,0.87,69%,124.7,0.66,0.35,0.09,0.10,34%,15%,20,215,247,113,29,34
641,vascalizzMBH,283,0.91,182.8,0.88,66%,121.3,0.65,0.28,0.08,0.06,28%,7%,21,184,209,78,24,17
642,CaspeRMLT.GC,311,0.91,162.9,0.84,72%,105.2,0.58,0.39,0.05,0.11,27%,3%,18,181,216,120,16,33
643,BenkaiGE,244,0.91,164.3,0.92,71%,115.5,0.58,0.16,0.06,0.07,23%,,20,142,154,38,14,16
644,mitchOXG,218,0.91,174.0,0.73,70%,112.5,0.51,0.57,0.07,0.11,22%,,15,112,153,124,16,25
645,rezyUG,597,0.91,164.4,0.83,71%,111.3,0.58,0.33,0.04,0.08,25%,17%,23,347,416,196,22,49
646,ReformedEX-E,205,0.91,181.0,0.87,62%,117.6,0.64,0.19,0.06,0.07,23%,5%,21,132,151,38,12,14
647,Troizyxgod,249,0.91,187.5,0.87,65%,130.5,0.63,0.24,0.10,0.08,20%,9%,21,158,182,60,26,21
648,ponix9z.GC,250,0.91,183.4,0.93,70%,119.3,0.69,0.21,0.04,0.07,31%,8%,20,172,185,52,10,17
649,babzzzZIK,250,0.91,212.7,1.00,66%,146.2,0.77,0.18,0.12,0.14,22%,12%,32,193,193,45,31,34
650,VenkaGRY,374,0.91,213.2,0.97,67%,139.3,0.76,0.15,0.20,0.16,32%,,31,285,295,57,75,58
651,lucasMFC,290,0.91,187.3,0.92,72%,127.4,0.67,0.28,0.06,0.05,28%,17%,20,194,211,81,18,15
652,hoodyGX,281,0.91,179.2,0.91,68%,124.7,0.64,0.25,0.10,0.07,27%,12%,30,180,198,71,29,21
653,deigara9z,288,0.90,177.4,0.86,70%,115.7,0.60,0.33,0.08,0.11,33%,38%,21,174,202,94,22,33
654,S1ay3rrSFU,258,0.90,217.6,0.90,65%,138.6,0.73,0.23,0.19,0.21,21%,6%,20,189,209,59,48,54
655,P4ND46K,317,0.90,174.8,0.84,66%,117.5,0.60,0.30,0.05,0.09,25%,20%,17,190,225,95,15,27
656,CarpeT1,329,0.90,165.9,0.81,71%,109.3,0.58,0.35,0.07,0.09,25%,9%,24,191,236,114,23,30
657,Alithe,307,0.90,200.6,0.90,69%,131.4,0.69,0.23,0.18,0.19,19%,12%,22,211,234,71,56,57
658,vandals6K,317,0.90,187.6,0.84,68%,122.2,0.63,0.32,0.09,0.11,31%,19%,22,200,238,100,28,34
659,KicksVIT,276,0.90,166.2,0.89,75%,110.6,0.62,0.36,0.03,0.05,21%,23%,24,171,192,98,9,13
660,severiNeRVNT,343,0.90,184.4,0.89,68%,122.8,0.64,0.34,0.08,0.13,23%,11%,26,221,249,116,27,45
661,iFlyTwis,521,0.90,199.0,0.98,66%,131.3,0.72,0.10,0.15,0.14,25%,11%,24,373,382,51,77,75
662,vakkNASR,231,0.90,165.1,0.87,73%,114.7,0.59,0.22,0.05,0.09,27%,7%,18,136,157,51,11,20
663,MinimiseJJH,372,0.90,182.3,0.86,71%,119.0,0.63,0.40,0.09,0.12,22%,7%,19,234,271,149,35,43
664,xenonNASR,231,0.90,165.2,0.88,73%,105.4,0.61,0.32,0.07,0.10,29%,18%,21,141,161,75,17,23
665,ImpecunityNG,210,0.90,183.7,0.91,67%,120.4,0.65,0.14,0.11,0.15,25%,12%,19,137,150,29,24,32
666,LakiaGEN,654,0.90,160.5,0.82,70%,108.7,0.56,0.33,0.06,0.09,26%,26%,19,364,445,216,40,61
667,silentzz2G,434,0.90,213.1,0.91,65%,138.8,0.74,0.12,0.21,0.18,33%,15%,25,322,353,53,90,79
668,Noir,202,0.90,179.3,0.84,64%,121.7,0.61,0.26,0.07,0.08,25%,21%,20,123,147,53,14,16
669,qrizlyGHR,400,0.90,207.5,0.91,63%,136.7,0.72,0.14,0.14,0.15,33%,15%,24,286,316,54,54,60
670,MoviPMT,239,0.90,163.5,0.85,69%,111.2,0.58,0.34,0.06,0.10,31%,15%,23,139,163,81,14,23
671,KadoomSPE,256,0.90,223.6,0.91,68%,148.7,0.76,0.18,0.16,0.21,26%,14%,24,195,215,47,40,54
672,mummAyTWT,260,0.90,175.3,0.90,66%,113.4,0.61,0.21,0.10,0.10,24%,11%,19,159,176,54,26,27
673,NoorTU.O,313,0.89,189.6,0.90,67%,127.4,0.69,0.32,0.14,0.12,34%,12%,35,216,241,99,45,38
674,RavenYFP,252,0.89,172.1,0.85,68%,116.9,0.62,0.30,0.03,0.03,32%,15%,19,156,183,75,8,8
675,ShadoWKOI,239,0.89,161.1,0.79,66%,104.7,0.55,0.28,0.04,0.09,21%,,18,132,168,67,10,22
676,sereen,313,0.89,215.5,0.84,67%,141.2,0.70,0.27,0.15,0.15,21%,13%,21,220,262,83,48,47
677,MonyetPRX,366,0.89,199.6,0.87,66%,129.9,0.68,0.30,0.12,0.17,24%,19%,24,250,289,110,45,64
678,Br0dieACE,223,0.89,178.0,0.79,71%,118.2,0.59,0.34,0.09,0.08,25%,6%,22,132,167,76,21,18
679,4GruchINCO,209,0.89,174.3,0.82,67%,115.5,0.60,0.30,0.11,0.10,22%,,19,125,152,63,23,21
680,kayleNDG,209,0.89,182.9,0.92,65%,125.2,0.65,0.22,0.03,0.08,25%,19%,18,135,147,45,7,17
681,nekoaimerYFP,213,0.89,195.1,0.87,65%,132.1,0.69,0.13,0.15,0.16,29%,17%,26,146,167,27,32,34
682,trystOGS,231,0.89,183.4,0.96,70%,116.7,0.68,0.29,0.07,0.06,28%,16%,23,156,163,66,16,13
683,EstrellaRRQ,204,0.89,157.4,0.79,75%,105.8,0.54,0.39,0.05,0.07,27%,9%,15,110,140,79,11,14
684,bldTrop,535,0.89,177.1,0.85,66%,118.6,0.61,0.22,0.10,0.10,25%,6%,21,326,384,117,56,52
685,LiedFSX,201,0.89,200.2,0.90,73%,132.8,0.70,0.26,0.11,0.08,20%,10%,23,140,155,53,22,17
686,SSeeSDFM,219,0.89,152.1,0.80,71%,100.5,0.54,0.35,0.05,0.05,34%,12%,18,119,149,76,11,12
687,skzLGCY,419,0.89,177.3,0.84,72%,112.3,0.62,0.35,0.08,0.08,26%,9%,20,259,307,147,35,32
688,Deadly10MDL,367,0.89,196.3,0.84,62%,132.7,0.66,0.25,0.12,0.15,28%,7%,26,243,291,92,44,54
689,AniemalWild,235,0.88,172.0,0.83,66%,111.3,0.59,0.20,0.08,0.09,25%,14%,17,138,167,47,19,20
690,gRIGUAjNOVO,250,0.88,159.6,0.74,72%,101.5,0.52,0.38,0.06,0.10,17%,16%,19,129,174,95,16,24
691,kasper3E,219,0.88,189.7,0.84,68%,116.9,0.66,0.35,0.08,0.13,34%,9%,18,145,172,76,17,28
692,INFESTORGK,219,0.88,187.2,0.85,63%,121.6,0.66,0.26,0.06,0.10,26%,8%,28,145,170,57,13,22
693,TmyDRGN,360,0.88,184.0,0.85,63%,125.1,0.64,0.19,0.08,0.09,22%,15%,18,229,271,67,28,32
694,SCarARF,272,0.88,155.7,0.81,72%,102.0,0.56,0.33,0.06,0.06,35%,20%,18,153,190,91,17,17
695,vibhoRRMDL,264,0.88,191.2,0.86,66%,123.0,0.66,0.26,0.10,0.11,22%,16%,22,173,202,68,27,28
696,YohanNS,239,0.88,175.2,0.78,71%,112.0,0.58,0.36,0.11,0.08,28%,11%,20,139,179,87,27,19
697,LIQUIDTU,364,0.88,171.0,0.82,67%,112.1,0.61,0.31,0.07,0.12,27%,19%,21,222,270,114,25,45
698,NinjasVIS,423,0.88,169.6,0.82,67%,112.2,0.58,0.37,0.07,0.08,32%,8%,27,247,303,158,30,35
699,TiduSAKR,240,0.88,156.6,0.84,68%,106.8,0.57,0.27,0.05,0.07,28%,19%,19,137,164,64,11,17
700,nobodyEDG,349,0.88,187.6,1.01,66%,124.1,0.68,0.24,0.07,0.16,33%,11%,28,237,235,83,11,25
701,nAvarroBM,317,0.88,154.4,0.80,68%,105.5,0.54,0.32,0.07,0.08,24%,11%,25,171,213,100,23,24
702,paTiTekTH,290,0.88,167.5,0.75,70%,114.1,0.54,0.45,0.07,0.10,20%,8%,17,157,208,131,21,28
703,KozokPRZ,209,0.88,161.4,0.83,70%,109.7,0.57,0.29,0.03,0.08,26%,7%,21,119,143,60,7,17
704,monSiBC,261,0.88,149.3,0.71,69%,100.5,0.50,0.30,0.05,0.10,27%,5%,15,130,183,79,11,24
705,LoganBurg,260,0.88,197.6,0.90,70%,130.9,0.68,0.20,0.13,0.18,23%,12%,22,177,196,52,33,46
706,iReLeXOXR,347,0.88,173.0,0.85,67%,116.8,0.61,0.22,0.07,0.07,34%,14%,19,212,250,76,23,23
707,EnzoTL,213,0.88,176.2,0.86,67%,117.9,0.59,0.31,0.08,0.10,18%,9%,20,125,146,67,16,21
708,mutoRC,253,0.87,164.4,0.81,74%,115.1,0.57,0.37,0.05,0.06,29%,4%,21,143,176,93,13,14
709,d0rfFPT,230,0.87,156.0,0.79,70%,107.4,0.54,0.27,0.05,0.07,26%,18%,16,124,156,63,12,15
710,MikelelleFH,307,0.87,168.9,0.78,67%,113.4,0.58,0.38,0.07,0.12,27%,6%,19,177,227,117,22,36
711,Adenina9z.GC,250,0.87,151.8,0.80,66%,101.9,0.56,0.33,0.02,0.08,23%,18%,23,139,173,83,6,19
712,MedusaDFM,219,0.87,189.5,0.89,73%,125.2,0.63,0.26,0.11,0.14,31%,10%,19,139,157,58,25,30
713,scarnSAD,268,0.87,217.8,0.93,67%,145.8,0.75,0.20,0.16,0.15,29%,7%,22,201,217,53,44,40
714,theozyCAOS.GC,247,0.87,204.5,0.93,68%,138.7,0.71,0.23,0.11,0.15,32%,7%,21,175,188,58,27,37
715,supamenEG,280,0.87,184.2,0.87,69%,122.5,0.64,0.29,0.11,0.11,37%,7%,23,180,208,82,31,32
716,Yoyoman,205,0.87,197.1,0.88,68%,131.3,0.70,0.31,0.11,0.12,26%,10%,22,143,163,63,23,25
717,JamppiTL,213,0.87,179.2,0.85,71%,118.5,0.62,0.29,0.07,0.09,29%,19%,22,131,154,62,14,19
718,TuraFSX,201,0.86,180.9,0.80,70%,112.4,0.62,0.35,0.06,0.08,21%,12%,23,124,155,70,13,17
719,karam1lRGES,212,0.86,202.6,0.90,66%,136.1,0.69,0.19,0.14,0.13,37%,5%,25,147,163,40,30,27
720,CHIMEIOF,248,0.86,149.4,0.77,69%,99.8,0.53,0.35,0.04,0.08,20%,23%,17,131,171,86,10,19
721,AntigonVIS,202,0.86,180.4,0.79,67%,129.5,0.59,0.23,0.08,0.10,17%,6%,20,120,152,47,16,20
722,AnthemDFM,219,0.86,152.7,0.77,71%,103.0,0.54,0.34,0.05,0.09,25%,12%,20,119,155,75,10,20
723,LimpeOF,300,0.86,204.9,0.92,67%,133.1,0.72,0.15,0.18,0.19,19%,12%,27,217,236,45,55,57
724,RetlaBLD,229,0.86,157.8,0.87,72%,106.0,0.55,0.20,0.05,0.07,25%,12%,16,125,144,46,12,16
725,RedgarGX,281,0.86,150.5,0.77,68%,97.6,0.54,0.34,0.06,0.09,37%,21%,18,151,196,95,18,26
726,miyaraFT S,247,0.85,173.3,0.78,69%,123.6,0.60,0.38,0.04,0.08,21%,18%,24,149,192,95,10,19
727,popoman4QFA,204,0.85,164.1,0.76,70%,103.0,0.56,0.42,0.03,0.06,24%,5%,17,115,151,85,6,12
728,ANXiOSSKUL,209,0.85,149.9,0.86,71%,100.9,0.57,0.22,0.10,0.10,22%,6%,24,120,139,46,21,20
729,CHICHOOEDG,349,0.85,173.5,0.94,66%,119.6,0.63,0.23,0.07,0.07,29%,,23,220,234,81,11,11
730,Rue3E.V,313,0.85,180.9,0.80,69%,117.3,0.62,0.38,0.04,0.06,21%,8%,21,195,243,120,12,19
731,fl1pzjderRRQ,204,0.85,157.7,0.76,67%,111.0,0.54,0.33,0.07,0.12,26%,22%,23,111,147,67,15,24
732,MisticTL,213,0.85,167.7,0.83,71%,113.5,0.59,0.36,0.07,0.08,30%,3%,23,125,151,77,14,17
733,PrtiDIA,290,0.85,171.3,0.78,66%,116.9,0.59,0.31,0.07,0.08,24%,14%,24,172,220,90,20,23
734,WillTWT,316,0.84,178.3,0.85,68%,122.9,0.64,0.19,0.12,0.14,20%,15%,21,202,237,59,37,45
735,NanaGMX.L,384,0.84,172.8,0.83,68%,115.7,0.63,0.24,0.08,0.08,32%,5%,27,242,292,94,29,29
736,ApothEG,280,0.84,174.5,0.84,61%,119.0,0.60,0.21,0.11,0.15,37%,17%,22,168,201,58,31,42
737,chrolloGMX,276,0.84,162.1,0.75,66%,110.9,0.56,0.28,0.08,0.09,26%,10%,20,154,205,76,21,26
738,S1MonJDG,204,0.84,192.0,0.87,65%,132.0,0.68,0.22,0.06,0.10,30%,10%,19,139,159,45,13,20
739,yayBLD,229,0.84,194.3,0.84,68%,129.1,0.65,0.14,0.18,0.23,24%,18%,20,149,178,33,41,52
740,AMNESTYEDGE,305,0.84,175.4,0.83,68%,118.9,0.60,0.29,0.09,0.10,27%,6%,30,184,223,88,28,30
741,canefisOVA,216,0.84,184.9,0.87,66%,119.5,0.65,0.23,0.07,0.07,29%,23%,19,141,162,50,15,15
742,NawafDRGN,360,0.84,165.2,0.78,64%,113.8,0.59,0.24,0.09,0.07,37%,7%,23,212,272,88,31,26
743,nuggetGMX.L,488,0.84,157.7,0.77,65%,110.0,0.54,0.22,0.07,0.09,20%,18%,21,265,344,108,36,43
744,GeneralSteak6K,317,0.84,164.5,0.76,69%,110.9,0.55,0.31,0.05,0.09,28%,8%,21,175,230,97,17,29
745,JoudaaGMX.L,226,0.84,169.3,0.81,69%,108.5,0.61,0.32,0.06,0.08,32%,13%,23,138,171,73,14,19
746,ZestBLD,229,0.84,164.2,0.80,66%,107.8,0.57,0.23,0.05,0.07,25%,11%,24,130,163,52,12,17
747,Ri0OGS,231,0.84,182.6,0.75,66%,123.9,0.60,0.25,0.06,0.07,28%,8%,17,138,183,57,14,17
748,kraySoli,201,0.84,172.2,0.81,69%,110.6,0.59,0.31,0.06,0.06,25%,15%,18,119,147,62,12,13
749,KilluaMITH,256,0.84,187.8,0.88,66%,123.9,0.66,0.19,0.11,0.12,33%,12%,26,170,194,48,27,30
750,MateliaNAKR,240,0.84,197.5,0.88,68%,135.6,0.68,0.16,0.11,0.16,26%,,31,164,187,39,27,39
751,OniByAKR,240,0.84,166.0,0.72,68%,114.2,0.52,0.32,0.08,0.11,30%,6%,19,125,174,76,20,26
752,PrecisionTG,261,0.84,167.3,0.78,64%,112.0,0.58,0.26,0.03,0.12,26%,10%,20,152,195,68,9,31
753,MooseyBBP,210,0.84,188.9,0.80,69%,127.6,0.62,0.20,0.17,0.14,20%,25%,25,130,162,43,36,29
754,cidZzZXLD,302,0.84,159.6,0.78,66%,105.2,0.55,0.28,0.04,0.08,24%,11%,17,167,213,85,12,24
755,Lendary,208,0.84,164.7,0.79,66%,109.9,0.60,0.22,0.08,0.08,40%,4%,17,125,158,46,16,17
756,AruSLT,309,0.84,145.1,0.69,72%,97.0,0.52,0.45,0.03,0.11,22%,8%,21,161,233,139,8,33
757,Jonaaa6ZMM.B,201,0.84,178.1,0.83,70%,117.1,0.62,0.26,0.05,0.11,34%,7%,29,124,150,53,11,22
758,Killu3D,240,0.84,170.8,0.89,68%,117.7,0.61,0.16,0.05,0.08,34%,8%,29,147,165,39,12,20
759,hypeRRKOPF,301,0.83,152.5,0.74,67%,102.4,0.53,0.35,0.05,0.08,25%,6%,21,161,218,106,15,24
760,EbeeeevS,219,0.83,176.5,0.81,68%,110.8,0.61,0.31,0.06,0.05,26%,18%,16,133,164,67,13,12
761,nicky,250,0.83,167.8,0.73,72%,113.3,0.56,0.34,0.06,0.07,28%,10%,24,139,191,86,16,18
762,KuroUNT,322,0.83,164.4,0.77,65%,114.4,0.56,0.32,0.07,0.09,24%,21%,20,179,231,102,22,28
763,hiroronnZETA,241,0.83,155.3,0.71,73%,99.4,0.54,0.40,0.05,0.12,33%,17%,20,129,181,96,11,28
764,DroneMAD,261,0.83,192.6,0.81,63%,124.6,0.65,0.25,0.13,0.15,34%,4%,22,170,209,66,33,38
765,zoltersONLI,272,0.83,173.6,0.85,68%,113.0,0.61,0.19,0.03,0.09,20%,14%,25,166,196,53,9,24
766,SpolenMZP,247,0.83,168.3,0.76,68%,114.4,0.56,0.28,0.05,0.09,34%,17%,17,139,182,69,12,22
767,DeryeonBLD,229,0.83,161.1,0.74,72%,107.0,0.55,0.27,0.08,0.08,29%,,14,125,169,61,19,19
768,SpeedyCARA,247,0.82,154.1,0.79,63%,108.7,0.55,0.21,0.06,0.04,30%,21%,23,136,172,53,14,10
769,VamTU.O,313,0.82,168.5,0.80,64%,112.8,0.62,0.32,0.04,0.08,29%,14%,24,193,242,100,12,25
770,SnipKwDRGN,360,0.82,180.4,0.76,65%,114.7,0.60,0.31,0.09,0.14,23%,6%,19,217,284,113,33,51
771,Naifma7VIS,256,0.82,153.9,0.75,63%,106.7,0.55,0.22,0.07,0.07,35%,9%,23,142,190,57,18,17
772,MILKYAIC,404,0.82,157.0,0.73,68%,108.0,0.52,0.32,0.06,0.12,20%,14%,33,212,292,128,26,47
773,eleoOVA,216,0.82,146.4,0.71,67%,102.6,0.50,0.31,0.04,0.04,28%,10%,20,108,153,67,8,8
774,Lysoar,206,0.82,186.7,1.03,57%,110.8,0.67,0.23,0.06,0.05,30%,,23,137,133,47,5,4
775,Nirvana,341,0.81,201.1,0.83,60%,140.7,0.70,0.21,0.16,0.21,21%,19%,33,240,288,71,56,73
776,DerialyFL,400,0.81,146.3,0.75,67%,98.3,0.54,0.15,0.06,0.08,28%,18%,21,214,284,59,22,33
777,DaneSuic,521,0.81,180.5,0.79,67%,120.0,0.61,0.29,0.06,0.09,43%,13%,23,319,406,152,32,47
778,bryceDSG,248,0.81,142.1,0.67,67%,90.8,0.48,0.38,0.04,0.09,28%,18%,15,120,180,94,9,22
779,MiyamuraGHR,400,0.81,188.2,0.84,61%,125.6,0.68,0.16,0.07,0.11,41%,20%,26,271,324,64,29,45
780,RayzeyARC,240,0.81,148.6,0.68,70%,97.3,0.48,0.38,0.05,0.08,19%,19%,17,116,171,92,13,19
781,loubertEDGE,305,0.80,144.0,0.67,68%,91.4,0.50,0.39,0.04,0.06,28%,21%,21,153,228,120,11,19
782,nateMR,289,0.80,190.8,0.85,63%,131.2,0.69,0.13,0.18,0.18,35%,16%,31,200,236,39,48,49
783,RaquinukiFSX,201,0.80,170.0,0.77,64%,115.2,0.59,0.20,0.07,0.12,28%,25%,21,119,154,40,14,24
784,LearTHNK,243,0.80,150.1,0.69,67%,98.8,0.51,0.39,0.05,0.13,22%,7%,18,124,179,95,11,31
785,woddyXLD,302,0.80,154.7,0.77,64%,107.9,0.54,0.19,0.06,0.10,31%,16%,19,163,211,58,18,30
786,Whats WongARC,240,0.79,146.7,0.72,70%,100.3,0.53,0.37,0.04,0.08,24%,13%,17,126,176,89,9,18
787,rikuNSIC,261,0.79,178.3,0.77,62%,119.6,0.61,0.28,0.07,0.13,16%,17%,26,160,208,73,19,35
788,zero capMFC,216,0.79,140.9,0.70,69%,99.5,0.49,0.30,0.04,0.08,29%,8%,17,105,151,64,8,18
789,HaodongEDG,349,0.79,155.4,0.81,69%,110.2,0.55,0.30,0.06,0.10,27%,36%,19,192,236,105,10,16
790,KenkayyyXLD,302,0.79,182.1,0.83,58%,122.1,0.65,0.15,0.11,0.14,30%,7%,23,197,236,45,34,42
791,jas0nRyZe,275,0.79,171.0,0.77,62%,109.0,0.60,0.13,0.11,0.21,26%,12%,18,164,212,36,29,58
792,KenjiLZE,274,0.79,183.7,0.85,67%,119.9,0.67,0.25,0.11,0.14,32%,6%,25,184,217,68,29,39
793,fiziqYFP,201,0.79,156.7,0.68,69%,103.1,0.52,0.30,0.08,0.13,25%,10%,15,105,155,60,16,27
794,Sane99th,249,0.78,174.8,0.71,64%,118.9,0.57,0.33,0.08,0.12,21%,12%,22,142,199,82,20,30
795,B3ASTM0D3OVA,216,0.78,160.3,0.71,60%,108.1,0.54,0.24,0.05,0.12,26%,11%,18,117,165,52,10,25
796,DominiKASTR,205,0.78,151.4,0.71,63%,102.1,0.54,0.25,0.05,0.09,23%,7%,17,110,154,51,11,19
797,SexyChristianthe,226,0.78,149.5,0.67,63%,94.3,0.52,0.41,0.06,0.08,24%,21%,19,117,175,92,13,17
798,Golden,313,0.77,178.5,0.73,63%,120.9,0.59,0.21,0.09,0.12,20%,11%,19,186,255,66,29,38
799,no1syboyMBH,283,0.77,167.3,0.74,64%,110.6,0.58,0.20,0.10,0.11,19%,13%,19,163,220,57,27,31
800,DcRulzOGS,231,0.77,174.6,0.82,62%,116.8,0.61,0.13,0.09,0.08,28%,24%,18,140,170,29,20,19
801,blackhawkCG,211,0.77,167.7,0.72,64%,108.8,0.57,0.27,0.06,0.09,31%,10%,20,121,167,57,13,20
802,FacerollVENI,307,0.76,148.6,0.66,66%,92.6,0.50,0.31,0.08,0.10,19%,14%,17,155,234,95,26,32
803,DOXZ3RRGES,212,0.76,160.2,0.70,63%,100.6,0.58,0.28,0.05,0.09,30%,,18,122,175,59,11,19
804,nethDFM,219,0.76,157.7,0.80,68%,106.6,0.58,0.18,0.05,0.11,27%,12%,23,126,157,40,10,23
805,pleetsOLP,222,0.76,136.7,0.68,70%,89.5,0.47,0.35,0.05,0.10,15%,5%,19,105,155,77,10,22
806,danKey,204,0.76,189.0,0.75,59%,128.1,0.63,0.21,0.08,0.13,19%,6%,19,129,171,43,17,27
807,BerLINFPX,206,0.76,153.7,0.72,65%,99.0,0.51,0.35,0.13,0.13,36%,8%,14,106,148,73,11,11
808,WhimpCG,211,0.76,158.0,0.66,63%,104.6,0.54,0.31,0.03,0.08,34%,8%,15,114,174,66,7,17
809,trinxtyOGS,231,0.76,194.0,0.82,58%,128.3,0.68,0.13,0.15,0.22,30%,,27,156,190,31,35,50
810,nixoonOF,300,0.75,162.0,0.70,67%,99.7,0.54,0.36,0.07,0.10,15%,8%,20,161,229,109,22,31
811,aimhunterr3E,219,0.75,183.9,0.72,57%,127.7,0.60,0.20,0.12,0.25,21%,14%,26,131,181,44,26,54
812,IkEAEX,216,0.74,148.7,0.66,59%,102.5,0.51,0.31,0.03,0.11,26%,14%,20,111,168,67,7,23
813,AAAAYFPX,206,0.74,161.5,0.80,66%,112.1,0.59,0.23,0.01,0.02,31%,7%,18,121,151,48,1,2
814,awus,238,0.74,139.5,0.64,63%,95.6,0.49,0.32,0.05,0.12,19%,35%,18,117,183,77,13,28
815,viiCARA,247,0.73,176.6,0.80,63%,115.3,0.63,0.11,0.15,0.19,30%,14%,23,156,196,28,37,46
816,NoixGHR,400,0.70,132.3,0.63,64%,88.6,0.46,0.34,0.04,0.07,25%,8%,20,185,296,134,16,29
817,ezzyCG,211,0.69,174.7,0.74,60%,115.8,0.62,0.20,0.13,0.18,29%,9%,24,130,176,43,27,39
818,nizhaoTZHDRG,224,,189.2,1.04,,,0.67,0.35,,,,,21,151,145,78,0,0
819,Shion7DRG,224,,174.0,0.85,,,0.61,0.31,,,,,24,137,162,69,0,0
820,vo0kashuDRG,224,,234.7,1.20,,,0.87,0.19,,,,,28,194,161,43,0,0
821,TvirusLukeDRG,224,,218.7,0.91,,,0.73,0.23,,,,,25,164,180,52,0,0
822,NiccDRG,224,,186.7,1.04,,,0.67,0.39,,,,,20,151,145,88,0,0
